index,start,end,start_seconds,end_seconds,text_en,text_zh
1,"00:00:00,000","00:00:19,220",0.0,19.22,,
2,"00:00:19,220","00:00:23,840",19.22,23.84,PATRICK WINSTON: The Uniform Code of Military Justice,帕特里克·温斯顿：《统一军事司法法典》
3,"00:00:23,840","00:00:27,530",23.84,27.53,specifies court martial for any officer who sends a soldier,规定任何军官在不带武器的情况下
4,"00:00:27,530","00:00:30,620",27.53,30.62,into battle without a weapon.,将士兵送上战场将被军事法庭审判。
5,"00:00:30,620","00:00:32,995",30.62,32.995,There ought to be a similar protection for students,对学生也应有类似的保护，
6,"00:00:32,995","00:00:34,370",32.995,34.37,because students shouldn't go out,因为学生不应
7,"00:00:34,370","00:00:38,070",34.37,38.07,"into life without the ability to communicate,",在没有沟通能力的情况下走入社会，
8,"00:00:38,070","00:00:40,340",38.07,40.34,and that's because your success in life,这是因为你人生的成功
9,"00:00:40,340","00:00:43,760",40.34,43.76,"will be determined largely by your ability to speak,",主要取决于你的表达能力、
10,"00:00:43,760","00:00:47,840",43.76,47.84,"your ability to write, and the quality of your ideas,",写作能力，以及想法的质量，
11,"00:00:47,840","00:00:50,840",47.84,50.84,in that order.,按这个顺序。
12,"00:00:50,840","00:00:52,670",50.84,52.67,I know that I can be successful in this,我知道我能在此取得成功，
13,"00:00:52,670","00:00:57,050",52.67,57.05,"because the quality of communication,",因为沟通的质量——
14,"00:00:57,050","00:00:59,450",57.05,59.45,"your speaking, your writing, is largely",你的演讲、你的写作——主要
15,"00:00:59,450","00:01:01,880",59.45,61.88,determined by this formula.,由这个公式决定。
16,"00:01:01,880","00:01:05,150",61.88,65.15,"It's a matter of how much knowledge you have,",这取决于你拥有多少知识、
17,"00:01:05,150","00:01:07,670",65.15,67.67,"how much you practice with that knowledge,",用这些知识做多少练习、
18,"00:01:07,670","00:01:10,100",67.67,70.1,"and your inherent talent, and notice",以及你的先天才能。注意
19,"00:01:10,100","00:01:12,230",70.1,72.23,that the T is very small.,这里的 T 非常小。
20,"00:01:12,230","00:01:15,860",72.23,75.86,What really matters is what you know.,真正重要的是你掌握的知识。
21,"00:01:15,860","00:01:19,970",75.86,79.97,This point came to me suddenly a few decades ago when,几十年前，我突然领悟到这一点，
22,"00:01:19,970","00:01:22,610",79.97,82.61,I was skiing at Sun Valley.,当时我正在太阳谷滑雪。
23,"00:01:22,610","00:01:25,430",82.61,85.43,"I had heard that it was Celebrity Weekend, and one",我听说那是名人周末，一位
24,"00:01:25,430","00:01:30,800",85.43,90.8,"of the celebrities was Mary Lou Retton,",名人就是玛丽·卢·雷顿，
25,"00:01:30,800","00:01:35,480",90.8,95.48,"famous Olympic gymnast, perfect 10s in the vault.",著名奥运体操运动员，跳马满分。
26,"00:01:35,480","00:01:38,510",95.48,98.51,"And I heard that she was a novice at skiing,",我听说她是滑雪新手，
27,"00:01:38,510","00:01:40,070",98.51,100.07,"so when the opportune moment arrived,",于是等到时机成熟，
28,"00:01:40,070","00:01:42,470",100.07,102.47,I looked over on the novice slope,我望向新手坡，
29,"00:01:42,470","00:01:46,270",102.47,106.27,"and saw this young woman who, when she became unbalanced,",看到一位年轻女子，她失去平衡时
30,"00:01:46,270","00:01:48,350",106.27,108.35,went like that.,是这样做的。
31,"00:01:48,350","00:01:50,330",108.35,110.33,And I said that's got to be her.,我心想，那一定就是她。
32,"00:01:50,330","00:01:53,570",110.33,113.57,That must be the gymnast.,那肯定是那位体操运动员。
33,"00:01:53,570","00:01:56,210",113.57,116.21,"But then, it occurred to me, I'm a much better skier",但随后我意识到，我滑雪远胜于她，
34,"00:01:56,210","00:01:58,820",116.21,118.82,"than she is, and she's an Olympic athlete-- not only",而她是奥运选手——不仅
35,"00:01:58,820","00:02:03,230",118.82,123.23,"an ordinary Olympic athlete, an outstanding one.",是普通奥运选手，而且是杰出选手。
36,"00:02:03,230","00:02:08,120",123.23,128.12,"And I was a better skier because I had the K, and I had the P,",我滑雪更好是因为我拥有 K，也拥有 P，
37,"00:02:08,120","00:02:10,729",128.12,130.729,and all she had was the T. So you,她却只有 T。所以你
38,"00:02:10,729","00:02:12,860",130.729,132.86,can get a lot better than people who,完全可以比那些
39,"00:02:12,860","00:02:15,140",132.86,135.14,may have inherent talents if you have,有先天才能的人做得好，
40,"00:02:15,140","00:02:17,460",135.14,137.46,the right amount of knowledge.,只要你有恰当的知识量。
41,"00:02:17,460","00:02:20,960",137.46,140.96,"So that's what my objective is today, and here's my promise.",这就是我今天的目标，这是我的承诺。
42,"00:02:20,960","00:02:24,830",140.96,144.83,"Today, you will see some examples",今天，你会看到一些例子，
43,"00:02:24,830","00:02:28,400",144.83,148.4,of what you can put in your armamentarium of speaking,可以加入你演讲技巧的武器库，
44,"00:02:28,400","00:02:32,810",148.4,152.81,"techniques, and it will be the case",情况会是这样的：
45,"00:02:32,810","00:02:37,640",152.81,157.64,"that some one of those examples, some heuristic, some technique,",这些例子中的某一条、某个启发式方法、
46,"00:02:37,640","00:02:40,040",157.64,160.04,"maybe only one, will make--",某种技巧——也许只有一个——会让……
47,"00:02:40,040","00:02:43,050",160.04,163.05,will be the one that gets you the job.,正是让你拿到工作的那一个。
48,"00:02:43,050","00:02:45,600",163.05,165.6,And so this is a very non-linear process.,所以这是一个非常非线性的过程。
49,"00:02:45,600","00:02:47,752",165.6,167.752,"You never know when it's going to happen,",你永远不知道它何时发生，
50,"00:02:47,752","00:02:48,710",167.752,168.71,but that is my promise.,但这就是我的承诺。
51,"00:02:48,710","00:02:52,350",168.71,172.35,"By the end of the next 60 minutes,",在接下来的 60 分钟结束时，
52,"00:02:52,350","00:02:55,490",172.35,175.49,"you'll have been exposed to a lot of ideas, some of which",你会接触到大量想法，其中一些
53,"00:02:55,490","00:02:58,180",175.49,178.18,"you'll incorporate into your own repertoire,",你会纳入自己的储备，
54,"00:02:58,180","00:03:03,080",178.18,183.08,and they will ensure that you get the maximum opportunity,它们会确保你获得最大机会，
55,"00:03:03,080","00:03:09,410",183.08,189.41,to have your ideas valued and accepted,让你的想法被重视并接受，
56,"00:03:09,410","00:03:11,900",189.41,191.9,by the people you speak with.,被你的对话对象接受。
57,"00:03:11,900","00:03:14,300",191.9,194.3,"Now, in order to do that, we have",现在，为了实现这一点，
58,"00:03:14,300","00:03:17,150",194.3,197.15,"to have a rule of engagement, and that",我们必须设定一条参与规则，
59,"00:03:17,150","00:03:22,710",197.15,202.71,"is no laptops, no cell phones.",那就是：不许用笔记本电脑，不许用手机。
60,"00:03:22,710","00:03:24,600",202.71,204.6,"So if you could close those, I'll",所以如果你能合上它们，
61,"00:03:24,600","00:03:27,300",204.6,207.3,start up as soon as you're done.,我合上就立刻开始。
62,"00:03:27,300","00:03:31,800",207.3,211.8,"Some people ask why that is a rule of engagement,",有人问为什么要这样规定，
63,"00:03:31,800","00:03:34,830",211.8,214.83,"and the answer is, we humans only",答案是：我们人类只有一个
64,"00:03:34,830","00:03:36,990",214.83,216.99,have one language processor.,语言处理器。
65,"00:03:36,990","00:03:38,760",216.99,218.76,And if your language processor is enga--,如果你的语言处理器正在忙——
66,"00:03:38,760","00:03:40,590",218.76,220.59,"could you shut the laptop, please?",能请你把笔记本合上吗？
67,"00:03:40,590","00:03:44,850",220.59,224.85,If your language processor is engaged browsing the web,如果你的语言处理器在浏览网页
68,"00:03:44,850","00:03:48,030",224.85,228.03,"or reading your email, you're distracted.",或查看邮件，你就会被分心。
69,"00:03:48,030","00:03:50,880",228.03,230.88,"And worse yet, you distract all of the people around you.",更糟的是，你还会分散周围人的注意力。
70,"00:03:50,880","00:03:52,570",230.88,232.57,Studies have shown that.,研究已经证明了这一点。
71,"00:03:52,570","00:03:56,160",232.57,236.16,"And worse yet, if I see a open laptop somewhere back",更糟的是，如果我看到后排或
72,"00:03:56,160","00:04:02,470",236.16,242.47,"there or up here, it drives me nuts, and I do a worse job.",前排有人打开笔记本电脑，我会抓狂，表现也更糟。
73,"00:04:02,470","00:04:04,710",242.47,244.71,And so that ensures that all of your friends,这就让那些专心听讲的朋友
74,"00:04:04,710","00:04:08,520",244.71,248.52,who are paying attention don't get the performance,无法得到他们期待的
75,"00:04:08,520","00:04:11,230",248.52,251.23,that they came to have.,表现。
76,"00:04:11,230","00:04:13,830",251.23,253.83,So that's it for preamble.,开场白到此为止。
77,"00:04:13,830","00:04:16,620",253.83,256.62,Let's get started.,我们开始吧。
78,"00:04:16,620","00:04:19,670",256.62,259.67,"First thing we talk about, of course, is how to start.",我们要谈的第一件事，当然是如何开场。
79,"00:04:19,670","00:04:25,470",259.67,265.47,,
80,"00:04:25,470","00:04:28,740",265.47,268.74,Some people think the right thing to do,有人认为正确的做法是
81,"00:04:28,740","00:04:32,140",268.74,272.14,is to start a talk with a joke.,用一个笑话作为开场。
82,"00:04:32,140","00:04:39,530",272.14,279.53,,
83,"00:04:39,530","00:04:44,300",279.53,284.3,"I don't recommend it, and the reason",我不建议这样做，原因是
84,"00:04:44,300","00:04:46,820",284.3,286.82,"is that, in the beginning of a talk,",在演讲开头，
85,"00:04:46,820","00:04:49,420",286.82,289.42,people are still putting their laptops away.,听众还在收起笔记本电脑。
86,"00:04:49,420","00:04:52,250",289.42,292.25,"They're becoming adjusted to your speaking parameters,",他们正在适应你的说话风格，
87,"00:04:52,250","00:04:58,670",292.25,298.67,"to your vocal parameters, and they're not ready for a joke.",以及你的声音特点，没准备好听笑话。
88,"00:04:58,670","00:05:00,090",298.67,300.09,So it doesn't work very well.,所以效果不太好。
89,"00:05:00,090","00:05:02,420",300.09,302.42,They usually fall flat.,笑话通常都冷场。
90,"00:05:02,420","00:05:06,110",302.42,306.11,What you want to do instead is start with empowerment promise.,你真正应该做的是以赋能承诺开场。
91,"00:05:06,110","00:05:09,560",306.11,309.56,,
92,"00:05:09,560","00:05:11,060",309.56,311.06,You want to tell people what they're,你要告诉听众
93,"00:05:11,060","00:05:13,660",311.06,313.66,going to know at the end of the hour,他们在这 60 分钟结束时将知道
94,"00:05:13,660","00:05:16,560",313.66,316.56,that they didn't know at the beginning of the hour.,而在开头时不知道的事。
95,"00:05:16,560","00:05:17,808",316.56,317.808,It's an empowerment promise.,这就是赋能承诺。
96,"00:05:17,808","00:05:19,100",317.808,319.1,It's the reason for being here.,它是你来这里的理由。
97,"00:05:19,100","00:05:21,660",319.1,321.66,,
98,"00:05:21,660","00:05:22,910",321.66,322.91,What would be an example?,举个例子会是什么呢？
99,"00:05:22,910","00:05:24,230",322.91,324.23,"Oh, I see.",哦，我知道了。
100,"00:05:24,230","00:05:28,820",324.23,328.82,"At the end of this 60 minutes, you will know things",在这 60 分钟结束时，你们将知道一些
101,"00:05:28,820","00:05:30,952",328.82,330.952,关于演讲，你们此刻还不知道的事情，,关于演讲，你们此刻还不知道的事情，
102,"00:05:30,952","00:05:32,660",330.952,332.66,而你们将知道的事情中，会有某一件,而你们将知道的事情中，会有某一件
103,"00:05:32,660","00:05:34,310",332.66,334.31,会在你的人生中产生改变。,会在你的人生中产生改变。
104,"00:05:34,310","00:05:36,200",334.31,336.2,是的，这就是一个赋能承诺，,是的，这就是一个赋能承诺，
105,"00:05:36,200","00:05:38,960",336.2,338.96,所以这是开场最好的方式。,所以这是开场最好的方式。
106,"00:05:38,960","00:05:41,540",338.96,341.54,既然我已经谈了一些关于如何开场的内容，,既然我已经谈了一些关于如何开场的内容，
107,"00:05:41,540","00:05:44,900",341.54,344.9,我接下来想做的是：给你们一些启发式方法的范例,我接下来想做的是：给你们一些启发式方法的范例
108,"00:05:44,900","00:05:48,970",344.9,348.97,这些方法在我每次演讲时都会浮现在脑海中。,这些方法在我每次演讲时都会浮现在脑海中。
109,"00:05:48,970","00:05:53,185",348.97,353.185,这些启发式方法中的第一个是：进行循环强化是个好主意。,这些启发式方法中的第一个是：进行循环强化是个好主意。
110,"00:05:53,185","00:05:53,810",353.185,353.81,针对这个主题。,针对这个主题。
111,"00:05:53,810","00:05:56,480",353.81,356.48,,
112,"00:05:56,480","00:05:57,980",356.48,357.98,绕着它走一圈。,绕着它走一圈。
113,"00:05:57,980","00:05:59,360",357.98,359.36,再绕一圈。,再绕一圈。
114,"00:05:59,360","00:06:01,250",359.36,361.25,再绕一圈。,再绕一圈。
115,"00:06:01,250","00:06:05,900",361.25,365.9,有人会说：告诉他你想告诉他的内容。,有人会说：告诉他你想告诉他的内容。
116,"00:06:05,900","00:06:08,690",365.9,368.69,再告诉他一遍，然后再告诉他第三遍，,再告诉他一遍，然后再告诉他第三遍，
117,"00:06:08,690","00:06:11,900",368.69,371.9,好像听众不聪明似的。,好像听众不聪明似的。
118,"00:06:11,900","00:06:12,830",371.9,372.83,但重点是——,但重点是——
119,"00:06:12,830","00:06:16,190",372.83,376.19,原因是——嗯，原因有很多，其中之一,原因是——嗯，原因有很多，其中之一
120,"00:06:16,190","00:06:19,340",376.19,379.34,是：在任何时刻，你们中大约有 20% 的人,是：在任何时刻，你们中大约有 20% 的人
121,"00:06:19,340","00:06:22,030",379.34,382.03,无论演讲主题是什么，都会走神。,无论演讲主题是什么，都会走神。
122,"00:06:22,030","00:06:24,530",382.03,384.53,所以，如果你想确保每个人都听懂,所以，如果你想确保每个人都听懂
123,"00:06:24,530","00:06:29,120",384.53,389.12,的概率足够高，你就需要把同一件事说三遍。,的概率足够高，你就需要把同一件事说三遍。
124,"00:06:29,120","00:06:31,250",389.12,391.25,因此，循环强化是我每次演讲时总会,因此，循环强化是我每次演讲时总会
125,"00:06:31,250","00:06:33,500",391.25,393.5,想到的方法之一。,想到的方法之一。
126,"00:06:33,500","00:06:38,190",393.5,398.19,我还会想到的另一件事是：在解释我的想法时，,我还会想到的另一件事是：在解释我的想法时，
127,"00:06:38,190","00:06:45,590",398.19,405.59,我想在它周围建一道围栏，这样它就不会和别人,我想在它周围建一道围栏，这样它就不会和别人
128,"00:06:45,590","00:06:48,030",405.59,408.03,的想法混淆起来。,的想法混淆起来。
129,"00:06:48,030","00:06:50,900",408.03,410.9,假设你是从火星来的，我要教你,假设你是从火星来的，我要教你
130,"00:06:50,900","00:06:53,510",410.9,413.51,什么是“拱门”（arch），我可能会对你说：,什么是“拱门”（arch），我可能会对你说：
131,"00:06:53,510","00:06:55,333",413.51,415.333,嗯，这就是拱门。,嗯，这就是拱门。
132,"00:06:55,333","00:06:57,500",415.333,417.5,不要把它和其他一些,不要把它和其他一些
133,"00:06:57,500","00:06:58,970",417.5,418.97,别人可能认为是——,别人可能认为是——
134,"00:06:58,970","00:06:59,950",418.97,419.95,这不是拱门。,这不是拱门。
135,"00:06:59,950","00:07:02,600",419.95,422.6,,
136,"00:07:02,600","00:07:04,010",422.6,424.01,那也不是拱门。,那也不是拱门。
137,"00:07:04,010","00:07:05,780",424.01,425.78,我正在给我的想法建围栏，,我正在给我的想法建围栏，
138,"00:07:05,780","00:07:09,020",425.78,429.02,这样它就能与别人的想法区分开来。,这样它就能与别人的想法区分开来。
139,"00:07:09,020","00:07:12,330",429.02,432.33,所以在更技术化的场景中，我可能会说：,所以在更技术化的场景中，我可能会说：
140,"00:07:12,330","00:07:13,990",432.33,433.99,我的算法可能看起来——,我的算法可能看起来——
141,"00:07:13,990","00:07:15,740",433.99,435.74,可能看起来与 Jones 的算法类似，,可能看起来与 Jones 的算法类似，
142,"00:07:15,740","00:07:18,285",435.74,438.285,只不过他的是指数级的，而我的是线性的。,只不过他的是指数级的，而我的是线性的。
143,"00:07:18,285","00:07:19,910",438.285,439.91,这就是给你的想法建围栏，,这就是给你的想法建围栏，
144,"00:07:19,910","00:07:22,998",439.91,442.998,这样人们就不会把它和其他东西搞混，,这样人们就不会把它和其他东西搞混，
145,"00:07:22,998","00:07:24,290",442.998,444.29,不会搞混它与其他东西的关系。,不会搞混它与其他东西的关系。
146,"00:07:24,290","00:07:26,960",444.29,446.96,,
147,"00:07:26,960","00:07:30,230",446.96,450.23,这第三项范例方法,这第三项范例方法
148,"00:07:30,230","00:07:33,440",450.23,453.44,就是“语言标点”的概念。,就是“语言标点”的概念。
149,"00:07:33,440","00:07:44,780",453.44,464.78,,
150,"00:07:44,780","00:07:48,050",464.78,468.05,这里的想法是：因为人们,这里的想法是：因为人们
151,"00:07:48,050","00:07:52,730",468.05,472.73,偶尔会走神，需要重新回到主线上来，,偶尔会走神，需要重新回到主线上来，
152,"00:07:52,730","00:07:56,210",472.73,476.21,你需要提供一些“地标式”的位置，,你需要提供一些“地标式”的位置，
153,"00:07:56,210","00:08:00,260",476.21,480.26,告诉大家这是一个适合重新回到主线上的时刻。,告诉大家这是一个适合重新回到主线上的时刻。
154,"00:08:00,260","00:08:02,480",480.26,482.48,所以我在这场演讲里，可能会说一些,所以我在这场演讲里，可能会说一些
155,"00:08:02,480","00:08:05,840",482.48,485.84,类似“这就是我的大纲”这样的话。,类似“这就是我的大纲”这样的话。
156,"00:08:05,840","00:08:09,030",485.84,489.03,我们要做的第一件事，是谈如何开场。,我们要做的第一件事，是谈如何开场。
157,"00:08:09,030","00:08:11,480",489.03,491.48,接下来，我们要讨论这四个范例，,接下来，我们要讨论这四个范例，
158,"00:08:11,480","00:08:13,880",491.48,493.88,而在这四个范例中，我已经,而在这四个范例中，我已经
159,"00:08:13,880","00:08:16,550",493.88,496.55,谈了第一个想法——那就是循环强化。,谈了第一个想法——那就是循环强化。
160,"00:08:16,550","00:08:18,200",496.55,498.2,第二个想法，是建围栏——而现在，,第二个想法，是建围栏——而现在，
161,"00:08:18,200","00:08:22,040",498.2,502.04,第三个想法是语言标点。,第三个想法是语言标点。
162,"00:08:22,040","00:08:24,770",502.04,504.77,所以我在列举，在给出编号。,所以我在列举，在给出编号。
163,"00:08:24,770","00:08:28,040",504.77,508.04,我在让你感觉到演讲中存在一条接缝，,我在让你感觉到演讲中存在一条接缝，
164,"00:08:28,040","00:08:29,360",508.04,509.36,你可以从这里重新回到主线。,你可以从这里重新回到主线。
165,"00:08:29,360","00:08:33,299",509.36,513.299,,
166,"00:08:33,299","00:08:38,130",513.299,518.13,现在我们正在推进，既然我们正在推进，,现在我们正在推进，既然我们正在推进，
167,"00:08:38,130","00:08:42,270",518.13,522.27,你能猜到第四个想法是什么吗——,你能猜到第四个想法是什么吗——
168,"00:08:42,270","00:08:44,480",522.27,524.48,一个能帮助人们重新回到主线上的想法？,一个能帮助人们重新回到主线上的想法？
169,"00:08:44,480","00:08:48,800",524.48,528.8,,
170,"00:08:48,800","00:08:51,405",528.8,531.405,听众：提个问题。,听众：提个问题。
171,"00:08:51,405","00:08:52,280",531.405,532.28,帕特里克·温斯顿：什么？,帕特里克·温斯顿：什么？
172,"00:08:52,280","00:08:53,322",532.28,533.322,听众：提个问题。,听众：提个问题。
173,"00:08:53,322","00:08:53,860",533.322,533.86,[听不清],[听不清]
174,"00:08:53,860","00:08:55,570",533.86,535.57,帕特里克·温斯顿：提个问题，对。,帕特里克·温斯顿：提个问题，对。
175,"00:08:55,570","00:08:58,220",535.57,538.22,谢谢你。,谢谢你。
176,"00:08:58,220","00:08:59,150",538.22,539.15,那就是——提个问题。,那就是——提个问题。
177,"00:08:59,150","00:09:05,420",539.15,545.42,,
178,"00:09:05,420","00:09:09,030",545.42,549.03,所以我会提一个问题——可以有多长的冷场？,所以我会提一个问题——可以有多长的冷场？
179,"00:09:09,030","00:09:11,010",549.03,551.01,我可以停顿多久？,我可以停顿多久？
180,"00:09:11,010","00:09:13,080",551.01,553.08,我数过，七秒钟。,我数过，七秒钟。
181,"00:09:13,080","00:09:16,300",553.08,556.3,对我来说，停顿七秒钟什么都不说，,对我来说，停顿七秒钟什么都不说，
182,"00:09:16,300","00:09:19,740",556.3,559.74,似乎漫长得像一个世纪，但这正是等待,似乎漫长得像一个世纪，但这正是等待
183,"00:09:19,740","00:09:20,910",559.74,560.91,听众回答的标准时长。,听众回答的标准时长。
184,"00:09:20,910","00:09:23,700",560.91,563.7,当然，提问必须经过仔细选择。,当然，提问必须经过仔细选择。
185,"00:09:23,700","00:09:25,620",563.7,565.62,不能太显而易见，否则人们,不能太显而易见，否则人们
186,"00:09:25,620","00:09:28,410",565.62,568.41,会因为不好意思而不愿开口；但答案也不能,会因为不好意思而不愿开口；但答案也不能
187,"00:09:28,410","00:09:32,580",568.41,572.58,太难，否则没人有话可说。,太难，否则没人有话可说。
188,"00:09:32,580","00:09:34,800",572.58,574.8,这里有一些启发式方法的范例，,这里有一些启发式方法的范例，
189,"00:09:34,800","00:09:37,110",574.8,577.11,你可以收入你的军火库，,你可以收入你的军火库，
190,"00:09:37,110","00:09:43,460",577.11,583.46,并构建起你关于演示汇报的思路储备。,并构建起你关于演示汇报的思路储备。
191,"00:09:43,460","00:09:47,340",583.46,587.34,现在，如果这能说服你——告诉你,现在，如果这能说服你——告诉你
192,"00:09:47,340","00:09:52,620",587.34,592.62,“演讲是有东西可以学的，是有知识的”——,“演讲是有东西可以学的，是有知识的”——
193,"00:09:52,620","00:09:55,500",592.62,595.5,那么我已经成功了，因为我想让你相信：,那么我已经成功了，因为我想让你相信：
194,"00:09:55,500","00:09:59,160",595.5,599.16,如果你观察你欣赏的、觉得有效的演讲者，,如果你观察你欣赏的、觉得有效的演讲者，
195,"00:09:59,160","00:10:01,140",599.16,601.14,并问自己,并问自己
196,"00:10:01,140","00:10:03,030",601.14,603.03,“他们为什么成功”，那么你就能够,“他们为什么成功”，那么你就能够
197,"00:10:03,030","00:10:06,000",603.03,606.0,构建起你独有的思路储备，,构建起你独有的思路储备，
198,"00:10:06,000","00:10:08,010",606.0,608.01,并发展出你独有的风格。,并发展出你独有的风格。
199,"00:10:08,010","00:10:10,830",608.01,610.83,这就是我根本的目标。,这就是我根本的目标。
200,"00:10:10,830","00:10:12,900",610.83,612.9,这场演讲剩下的部分，要谈的就是,这场演讲剩下的部分，要谈的就是
201,"00:10:12,900","00:10:15,180",612.9,615.18,我百宝囊里的那些方法里，,我百宝囊里的那些方法里，
202,"00:10:15,180","00:10:17,550",615.18,617.55,我觉得管用的。,我觉得管用的。
203,"00:10:17,550","00:10:20,280",617.55,620.28,"我们议程的下一项，
在我们","我们议程的下一项，
在我们"
204,"00:10:20,280","00:10:22,830",620.28,622.83,开始讨论这些其他话题时，,开始讨论这些其他话题时，
205,"00:10:22,830","00:10:25,170",622.83,625.17,是关于时间与地点。,是关于时间与地点。
206,"00:10:25,170","00:10:27,420",625.17,627.42,那你觉得几点上课最好？,那你觉得几点上课最好？
207,"00:10:27,420","00:10:30,612",627.42,630.612,,
208,"00:10:30,612","00:10:31,660",630.612,631.66,上午十一点？,上午十一点？
209,"00:10:31,660","00:10:32,160",631.66,632.16,对。,对。
210,"00:10:32,160","00:10:38,280",632.16,638.28,,
211,"00:10:38,280","00:10:44,670",638.28,644.67,"因为那时候MIT的多数人
都已经醒来，","因为那时候MIT的多数人
都已经醒来，"
212,"00:10:44,670","00:10:48,170",644.67,648.17,几乎又没人再睡回去。,几乎又没人再睡回去。
213,"00:10:48,170","00:10:50,100",648.17,650.1,不在刚吃完饭之后。,不在刚吃完饭之后。
214,"00:10:50,100","00:10:52,560",650.1,652.56,大家也不会因为这事那事累。,大家也不会因为这事那事累。
215,"00:10:52,560","00:10:54,970",652.56,654.97,是上课的绝佳时段。,是上课的绝佳时段。
216,"00:10:54,970","00:10:56,970",654.97,656.97,"由此，
我接下来要谈","由此，
我接下来要谈"
217,"00:10:56,970","00:10:58,546",656.97,658.546,地点怎么看？,地点怎么看？
218,"00:10:58,546","00:11:01,440",658.546,661.44,"关于地点，
最重要的一点是","关于地点，
最重要的一点是"
219,"00:11:01,440","00:11:02,830",661.44,662.83,光线要充足。,光线要充足。
220,"00:11:02,830","00:11:09,320",662.83,669.32,,
221,"00:11:09,320","00:11:11,990",669.32,671.99,这间屋子光线就很好。,这间屋子光线就很好。
222,"00:11:11,990","00:11:16,370",671.99,676.37,"其他屋子的毛病在于，
我们人类","其他屋子的毛病在于，
我们人类"
223,"00:11:16,370","00:11:18,740",676.37,678.74,灯一关，或者房间,灯一关，或者房间
224,"00:11:18,740","00:11:21,410",678.74,681.41,灯光变暗，就发出信号,灯光变暗，就发出信号
225,"00:11:21,410","00:11:23,350",681.41,683.35,暗示我们该去睡觉。,暗示我们该去睡觉。
226,"00:11:23,350","00:11:25,100",683.35,685.1,"所以我每次外出做讲座，
包括今天，","所以我每次外出做讲座，
包括今天，"
227,"00:11:25,100","00:11:27,440",685.1,687.44,我跟音视频人员说的,我跟音视频人员说的
228,"00:11:27,440","00:11:29,220",687.44,689.22,第一件事就是,第一件事就是
229,"00:11:29,220","00:11:31,240",689.22,691.24,把灯开到最亮。,把灯开到最亮。
230,"00:11:31,240","00:11:34,400",691.24,694.4,,
231,"00:11:34,400","00:11:39,000",694.4,699.0,"他们也许会答，
关了灯大家才看得清幻灯片，","他们也许会答，
关了灯大家才看得清幻灯片，"
232,"00:11:39,000","00:11:42,610",699.0,702.61,我会回嘴说，,我会回嘴说，
233,"00:11:42,610","00:11:44,985",702.61,704.985,闭着眼睛根本没法看幻灯。,闭着眼睛根本没法看幻灯。
234,"00:11:44,985","00:11:50,350",704.985,710.35,,
235,"00:11:50,350","00:11:53,070",710.35,713.07,"关于地点，
你还能说些什么？","关于地点，
你还能说些什么？"
236,"00:11:53,070","00:11:58,710",713.07,718.71,"地点要先踩点，
我说的","地点要先踩点，
我说的"
237,"00:11:58,710","00:12:01,680",718.71,721.68,"是日常意义上的，
就好比","是日常意义上的，
就好比"
238,"00:12:01,680","00:12:05,520",721.68,725.52,"抢银行之前，
会先去看看银行","抢银行之前，
会先去看看银行"
239,"00:12:05,520","00:12:08,400",725.52,728.4,"是什么样子，
心里有数。","是什么样子，
心里有数。"
240,"00:12:08,400","00:12:13,170",728.4,733.17,"真动手时
就不会出意外。","真动手时
就不会出意外。"
241,"00:12:13,170","00:12:15,750",733.17,735.75,所以我每次外出做讲座时，,所以我每次外出做讲座时，
242,"00:12:15,750","00:12:18,600",735.75,738.6,"我请主办方做的第一件事，
就是带我去讲的地方","我请主办方做的第一件事，
就是带我去讲的地方"
243,"00:12:18,600","00:12:22,320",738.6,742.32,看看那儿有什么古怪之处，,看看那儿有什么古怪之处，
244,"00:12:22,320","00:12:26,520",742.32,746.52,我才能设法应对。,我才能设法应对。
245,"00:12:26,520","00:12:29,010",746.52,749.01,有时可能还得做些调整。,有时可能还得做些调整。
246,"00:12:29,010","00:12:31,800",749.01,751.8,有时只需要让我明白,有时只需要让我明白
247,"00:12:31,800","00:12:33,660",751.8,753.66,挑战是什么。,挑战是什么。
248,"00:12:33,660","00:12:36,960",753.66,756.96,所以今天早上我到这儿时，,所以今天早上我到这儿时，
249,"00:12:36,960","00:12:39,203",756.96,759.203,做了我例行的那件事。,做了我例行的那件事。
250,"00:12:39,203","00:12:40,620",759.203,760.62,"我先想象，
台下坐满了","我先想象，
台下坐满了"
251,"00:12:40,620","00:12:44,340",760.62,764.34,毫无兴趣的家禽牲畜，,毫无兴趣的家禽牲畜，
252,"00:12:44,340","00:12:46,830",764.34,766.83,这样不管讲得多糟，,这样不管讲得多糟，
253,"00:12:46,830","00:12:48,120",766.83,768.12,都不会比那更糟。,都不会比那更糟。
254,"00:12:48,120","00:12:51,460",768.12,771.46,,
255,"00:12:51,460","00:12:55,540",771.46,775.54,最后，地点应当——,最后，地点应当——
256,"00:12:55,540","00:12:57,460",775.54,777.46,应该人数合理。,应该人数合理。
257,"00:12:57,460","00:13:03,950",777.46,783.95,,
258,"00:13:03,950","00:13:07,340",783.95,787.34,应当是这样的——,应当是这样的——
259,"00:13:07,340","00:13:09,370",787.34,789.37,如果这厅里只有十个人，,如果这厅里只有十个人，
260,"00:13:09,370","00:13:11,050",789.37,791.05,每个人都会纳闷，,每个人都会纳闷，
261,"00:13:11,050","00:13:14,230",791.05,794.23,"外面有什么更精彩的事，
怎么没人来。","外面有什么更精彩的事，
怎么没人来。"
262,"00:13:14,230","00:13:17,055",794.23,797.055,所以你想要个大小合适的场地——,所以你想要个大小合适的场地——
263,"00:13:17,055","00:13:18,430",797.055,798.43,不必挤满人，但,不必挤满人，但
264,"00:13:18,430","00:13:20,950",798.43,800.95,至少过半满。,至少过半满。
265,"00:13:20,950","00:13:24,550",800.95,804.55,以上就是我关于时间地点的想法。,以上就是我关于时间地点的想法。
266,"00:13:24,550","00:13:27,640",804.55,807.64,下面我想聊聊,下面我想聊聊
267,"00:13:27,640","00:13:30,385",807.64,810.385,板书、道具和幻灯片。,板书、道具和幻灯片。
268,"00:13:30,385","00:13:38,230",810.385,818.23,,
269,"00:13:38,230","00:13:41,230",818.23,821.23,这些就是这个行当的工具。,这些就是这个行当的工具。
270,"00:13:41,230","00:13:49,420",821.23,829.42,"我相信这是
做这类演讲的合适工具，","我相信这是
做这类演讲的合适工具，"
271,"00:13:49,420","00:13:52,330",829.42,832.33,当你的目的是传授信息时。,当你的目的是传授信息时。
272,"00:13:52,330","00:13:56,290",832.33,836.29,"幻灯片适合当你的目的
是展示、宣传时，","幻灯片适合当你的目的
是展示、宣传时，"
273,"00:13:56,290","00:14:00,610",836.29,840.61,"但这是我用来传授、
教学、讲座的工具，","但这是我用来传授、
教学、讲座的工具，"
274,"00:14:00,610","00:14:02,440",840.61,842.44,理由有这么几条。,理由有这么几条。
275,"00:14:02,440","00:14:04,480",842.44,844.48,"其一，
用板书的一个好处是","其一，
用板书的一个好处是"
276,"00:14:04,480","00:14:05,605",844.48,845.605,图形化的特质。,图形化的特质。
277,"00:14:05,605","00:14:10,490",845.605,850.49,,
278,"00:14:10,490","00:14:14,440",850.49,854.44,"有了黑板，
你就能","有了黑板，
你就能"
279,"00:14:14,440","00:14:19,990",854.44,859.99,轻松利用图画,轻松利用图画
280,"00:14:19,990","00:14:22,668",859.99,862.668,来辅助你的表达。,来辅助你的表达。
281,"00:14:22,668","00:14:25,210",862.668,865.21,"这是我喜爱的图形化，
第二点","这是我喜爱的图形化，
第二点"
282,"00:14:25,210","00:14:26,755",865.21,866.755,我喜欢的是它的速度。,我喜欢的是它的速度。
283,"00:14:26,755","00:14:30,310",866.755,870.31,,
284,"00:14:30,310","00:14:32,440",870.31,872.44,你在黑板上书写的速度，,你在黑板上书写的速度，
285,"00:14:32,440","00:14:36,220",872.44,876.22,"大致就是人
吸收想法的速度。","大致就是人
吸收想法的速度。"
286,"00:14:36,220","00:14:39,040",876.22,879.04,你若一张接一张翻幻灯，,你若一张接一张翻幻灯，
287,"00:14:39,040","00:14:40,210",879.04,880.21,没人能跟得上。,没人能跟得上。
288,"00:14:40,210","00:14:44,030",880.21,884.03,,
289,"00:14:44,030","00:14:47,260",884.03,887.26,最后，板书的一大优势,最后，板书的一大优势
290,"00:14:47,260","00:14:48,750",887.26,888.75,是它能当靶子。,是它能当靶子。
291,"00:14:48,750","00:14:53,830",888.75,893.83,,
292,"00:14:53,830","00:14:59,200",893.83,899.2,许多演讲新手,许多演讲新手
293,"00:14:59,200","00:15:04,000",899.2,904.0,会突然意识到自己的双手。,会突然意识到自己的双手。
294,"00:15:04,000","00:15:06,370",904.0,906.37,"好像手是隐私部位，
不该","好像手是隐私部位，
不该"
295,"00:15:06,370","00:15:10,820",906.37,910.82,"当众露出来，
于是立刻插进口袋里，","当众露出来，
于是立刻插进口袋里，"
296,"00:15:10,820","00:15:14,290",910.82,914.29,在有些地方这被视为冒犯。,在有些地方这被视为冒犯。
297,"00:15:14,290","00:15:16,120",914.29,916.12,又或者，手,又或者，手
298,"00:15:16,120","00:15:19,690",916.12,919.69,会绕到身后，像这样。,会绕到身后，像这样。
299,"00:15:19,690","00:15:27,820",919.69,927.82,"我有一次在塞尔维亚的修道院，
主人——","我有一次在塞尔维亚的修道院，
主人——"
300,"00:15:27,820","00:15:30,370",927.82,930.37,"我们一进门，
一位修女就走过来","我们一进门，
一位修女就走过来"
301,"00:15:30,370","00:15:32,260",930.37,932.26,and offered us a refreshment.,并给我们送上茶点。
302,"00:15:32,260","00:15:33,980",932.26,933.98,"And I was about to say, no, thank you,",我正要开口谢绝，
303,"00:15:33,980","00:15:38,410",933.98,938.41,"and he said, eat that stuff or die.",他却说：「把那东西吃了，不然你会死。」
304,"00:15:38,410","00:15:42,370",938.41,942.37,It's a question of local custom and politeness.,这就是当地的风俗与礼节。
305,"00:15:42,370","00:15:46,150",942.37,946.15,"But then before anything happened there,",但还没等我们做任何事，
306,"00:15:46,150","00:15:49,360",946.15,949.36,the nun pulled my hands out like this,那位修女就把我的双手
307,"00:15:49,360","00:15:52,330",949.36,952.33,because it was extraordinarily insulting in that culture,从身后拽了出来，因为在那种文化里，
308,"00:15:52,330","00:15:54,880",952.33,954.88,to have your hands behind your back.,把手背在身后是极不礼貌的举动。
309,"00:15:54,880","00:15:56,080",954.88,956.08,So why is that?,为什么会这样呢？
310,"00:15:56,080","00:15:59,210",956.08,959.21,"Well, it's usually supposed that that's",通常认为这
311,"00:15:59,210","00:16:02,170",959.21,962.17,that it has to do with whether you're concealing a weapon.,与是否藏有武器有关。
312,"00:16:02,170","00:16:05,860",962.17,965.86,"So if your hands are in your pockets or behind your back,",所以，如果你把手插进口袋，或者背在身后，
313,"00:16:05,860","00:16:09,810",965.86,969.81,"then it looks like you might have a weapon,",看起来就像你可能藏着一件武器——
314,"00:16:09,810","00:16:12,010",969.81,972.01,and that's what I mean by the virtue--,这就是我所说的黑板的
315,"00:16:12,010","00:16:13,583",972.01,973.583,one of these virtues of the board.,优点之一。
316,"00:16:13,583","00:16:15,500",973.583,975.5,"Now, you have something to do with your hands.",黑板给了你的双手一个去处，
317,"00:16:15,500","00:16:17,050",975.5,977.05,You can point out the stuff.,你可以指着上面的内容。
318,"00:16:17,050","00:16:20,150",977.05,980.15,,
319,"00:16:20,150","00:16:22,310",980.15,982.31,"I was once watching Seymour Papert give a lecture,",我曾观看过西摩·派珀特做讲座，
320,"00:16:22,310","00:16:24,110",982.31,984.11,and I thought it was terrific.,我觉得棒极了。
321,"00:16:24,110","00:16:25,850",984.11,985.85,So I went a second time--,于是我去看了第二次——
322,"00:16:25,850","00:16:28,170",985.85,988.17,"first time to absorb the content, second time",第一次是为了吸收内容，第二次
323,"00:16:28,170","00:16:29,880",988.17,989.88,to note style.,是为了观察风格。
324,"00:16:29,880","00:16:32,090",989.88,992.09,And what I discovered is that Papert was constantly,我发现派珀特一直在
325,"00:16:32,090","00:16:33,568",992.09,993.568,pointing at the board.,指着黑板。
326,"00:16:33,568","00:16:35,360",993.568,995.36,"And then I thought about it a little while,",然后我想了想，
327,"00:16:35,360","00:16:38,638",995.36,998.638,and I noted that none of the stuff he was pointing to,注意到他指着的那些内容，
328,"00:16:38,638","00:16:40,430",998.638,1000.43,had anything to do with what he was saying.,其实都跟他正在说的话没什么关系。
329,"00:16:40,430","00:16:43,190",1000.43,1003.19,,
330,"00:16:43,190","00:16:46,371",1003.19,1006.371,"Nevertheless, it was an effective technique.",然而，这依然是一种有效的技巧。
331,"00:16:46,371","00:16:49,200",1006.371,1009.2,,
332,"00:16:49,200","00:16:52,070",1009.2,1012.07,So that's just a little bit about the virtue,关于黑板的优点
333,"00:16:52,070","00:16:53,260",1012.07,1013.26,of blackboards.,就讲到这里。
334,"00:16:53,260","00:16:56,850",1013.26,1016.85,"Now, I want to talk about props.",现在，我想谈谈道具。
335,"00:16:56,850","00:16:59,820",1016.85,1019.82,The custodians of knowledge about props,关于道具的真正行家
336,"00:16:59,820","00:17:01,890",1019.82,1021.89,are the playwrights.,是剧作家。
337,"00:17:01,890","00:17:05,730",1021.89,1025.73,"Many decades ago, I saw a play by Henrik Ibsen.",许多年前，我看过亨利·易卜生的一出戏。
338,"00:17:05,730","00:17:07,589",1025.73,1027.589,It was Hedda Gabler.,《海达·加布勒》。
339,"00:17:07,589","00:17:11,670",1027.589,1031.67,I remember vaguely that it was about a woman in an unhappy,我依稀记得它讲的是一个婚姻不幸的女人，
340,"00:17:11,670","00:17:16,349",1031.67,1036.349,"marriage, and her husband was in competition for an academic job",她的丈夫与另一个人
341,"00:17:16,349","00:17:17,599",1036.349,1037.599,with somebody else.,竞争一个学术职位。
342,"00:17:17,599","00:17:20,910",1037.599,1040.91,"And he was going to lose partly because he was boring,",他之所以会输，部分原因是他很无聊，
343,"00:17:20,910","00:17:23,220",1040.91,1043.22,and partly because the competitor had just,部分原因是对手刚刚
344,"00:17:23,220","00:17:25,650",1043.22,1045.65,written a magnificent book.,写了一本了不起的书。
345,"00:17:25,650","00:17:27,150",1045.65,1047.15,"By the way, this is back in the days",顺便说一句，那个时代
346,"00:17:27,150","00:17:30,710",1047.15,1050.71,before there were copying machines and computers.,还没有复印机和电脑。
347,"00:17:30,710","00:17:43,590",1050.71,1063.59,"Anyhow, as the play opens, there's a potbellied stove,",总之，剧幕拉开时，舞台上有一座圆肚炉，
348,"00:17:43,590","00:17:47,000",1063.59,1067.0,"and in the beginning of the play,",在戏剧开场时，
349,"00:17:47,000","00:17:50,130",1067.0,1070.13,"the potbelly stove, with its open door,",圆肚炉敞着炉门，
350,"00:17:50,130","00:17:54,330",1070.13,1074.33,just has some slightly glowing embers.,里面只有一些微红的余烬。
351,"00:17:54,330","00:17:57,000",1074.33,1077.0,"But the potbellied stove is always there,",但那座圆肚炉一直都在；
352,"00:17:57,000","00:17:59,640",1077.0,1079.64,"and as tension mounts in the play,",随着戏剧张力的提升，
353,"00:17:59,640","00:18:01,170",1079.64,1081.17,"and you see this manuscript, this",你看着那份手稿——
354,"00:18:01,170","00:18:06,210",1081.17,1086.21,"prop that Ibsen so artfully used, you just know",易卜生如此巧妙地使用的道具——
355,"00:18:06,210","00:18:08,520",1086.21,1088.52,"that something's going to happen,",你就会知道某件事必定要发生，
356,"00:18:08,520","00:18:13,890",1088.52,1093.89,"because as the play goes on, the fire gets bigger and hotter",因为随着剧情推进，炉火越烧越大、越来越旺，
357,"00:18:13,890","00:18:15,750",1093.89,1095.75,"and finally all consuming, and you just",最终吞噬一切，
358,"00:18:15,750","00:18:21,210",1095.75,1101.21,know that that manuscript is going to go into that fire.,你会清楚地预感到那份手稿终将被扔进炉火里。
359,"00:18:21,210","00:18:26,070",1101.21,1106.07,This memorable thing is what I remember about the play.,这段令人难忘的记忆，是我关于这部戏的全部记忆。
360,"00:18:26,070","00:18:29,590",1106.07,1109.59,"So playwrights have got this all figured out,",所以剧作家早就把这一切想透了，
361,"00:18:29,590","00:18:31,860",1109.59,1111.86,"but on the other hand, they're not the only people",但反过来，他们并不是唯一
362,"00:18:31,860","00:18:34,380",1111.86,1114.38,who can use props.,会使用道具的人。
363,"00:18:34,380","00:18:38,010",1114.38,1118.01,"Here's an example of the use of a prop, also",下面是另一个使用道具的例子，
364,"00:18:38,010","00:18:39,750",1118.01,1119.75,due to Seymour Papert.,也来自西摩·派珀特。
365,"00:18:39,750","00:18:42,540",1119.75,1122.54,He was talking about how it's important to look,他正在谈论「用正确的方式看待问题」
366,"00:18:42,540","00:18:45,260",1122.54,1125.26,"at the problem in the right way, and here's",有多重要，下面这个例子
367,"00:18:45,260","00:18:50,015",1125.26,1130.015,"an example that not only teaches that, but makes it possible",不仅能说明这一点，
368,"00:18:50,015","00:18:51,390",1130.015,1131.39,for you to embarrass your friends,还能让你有机会让
369,"00:18:51,390","00:18:53,190",1131.39,1133.19,in mechanical engineering.,学机械工程的朋友尴尬一番。
370,"00:18:53,190","00:18:55,110",1133.19,1135.11,So here's what you do.,事情是这样的：
371,"00:18:55,110","00:18:58,140",1135.11,1138.14,"Take a bicycle wheel, and you start it spinning.",你取一个车轮，让它转起来。
372,"00:18:58,140","00:19:02,010",1138.14,1142.01,"And then you put some torque on the axle,",然后在车轴上施加一个扭矩，
373,"00:19:02,010","00:19:06,240",1142.01,1146.24,"or equivalently, you blow on the edge.",或者换句话说，往轮缘吹一口气。
374,"00:19:06,240","00:19:09,570",1146.24,1149.57,"And the issue is, does it go that way,",问题是，它会往这边转，
375,"00:19:09,570","00:19:12,790",1149.57,1152.79,or does it go that way?,还是往那边转？
376,"00:19:12,790","00:19:16,590",1152.79,1156.59,"Now, the mechanical engineers will immediately say, oh, yes,",现在，机械工程师们会立刻说：
377,"00:19:16,590","00:19:18,250",1156.59,1158.25,I see-- right hand screw wheel.,「啊，我懂了——右手螺旋定则。」
378,"00:19:18,250","00:19:20,970",1158.25,1160.97,"And they'll put their fingers in this position,",他们会把手指摆成这个姿势，
379,"00:19:20,970","00:19:24,090",1160.97,1164.09,but forget exactly how to align their fingers,但总是不能精确地让手指对齐
380,"00:19:24,090","00:19:27,870",1164.09,1167.87,with the various aspects of the problem.,问题的各个部分。
381,"00:19:27,870","00:19:30,420",1167.87,1170.42,And so it's usually the case that they get it right,所以通常情况下，他们的正确率
382,"00:19:30,420","00:19:34,260",1170.42,1174.26,with about a 50% probability.,大约只有 50%。
383,"00:19:34,260","00:19:38,670",1174.26,1178.67,So their very fancy education gets them up,也就是说，他们那些精致的教育
384,"00:19:38,670","00:19:43,060",1178.67,1183.06,to the point where they're equivalent to flipping a coin.,把他们培养到了相当于「抛硬币」的程度。
385,"00:19:43,060","00:19:45,720",1183.06,1185.72,But it doesn't have to be that way,但事情本不必如此，
386,"00:19:45,720","00:19:49,030",1185.72,1189.03,because you can think about the problem a little differently.,因为你可以换一个角度思考这个问题。
387,"00:19:49,030","00:19:50,980",1189.03,1190.98,So here's what you do.,事情是这样的：
388,"00:19:50,980","00:19:54,080",1190.98,1194.08,"You take some duct tape, and you put it",你取一些胶带，把它
389,"00:19:54,080","00:19:57,450",1194.08,1197.45,around the part of the wheel like that.,贴在车轮的某一段上，像这样。
390,"00:19:57,450","00:20:00,250",1197.45,1200.25,"And now, you start to think about, not the whole wheel,",然后，你开始思考的不是整个轮子，
391,"00:20:00,250","00:20:03,920",1200.25,1203.92,but just a little piece that's underneath the duct tape.,而是胶带下面那一小段。
392,"00:20:03,920","00:20:06,720",1203.92,1206.72,"So here, that piece comes rolling over the top,",比如这里，那一小段滚到顶部，
393,"00:20:06,720","00:20:09,455",1206.72,1209.455,"and at this point, you blow on it with a puff of air.",在这一点上，你向它吹一口气。
394,"00:20:09,455","00:20:11,080",1209.455,1211.08,"Forgetting about the rest of the wheel,",忘掉车轮的其他部分，
395,"00:20:11,080","00:20:12,747",1211.08,1212.747,what happens to that little piece that's,那一小段（也就是胶带下面
396,"00:20:12,747","00:20:13,655",1212.747,1213.655,under the duct tape?,那一段）会怎么样？
397,"00:20:13,655","00:20:15,280",1213.655,1215.28,It must want to go that way because you,由于你是这样吹的，
398,"00:20:15,280","00:20:17,040",1215.28,1217.04,banged on it like that.,它必然要往那个方向去。
399,"00:20:17,040","00:20:19,420",1217.04,1219.42,It's already going down like that.,它本身又正在这样往下降。
400,"00:20:19,420","00:20:20,910",1219.42,1220.91,And what about the next piece?,下一段呢？
401,"00:20:20,910","00:20:21,830",1220.91,1221.83,Same thing.,一样的。
402,"00:20:21,830","00:20:22,330",1221.83,1222.33,Next piece?,下一段？
403,"00:20:22,330","00:20:23,200",1222.33,1223.2,Same thing.,一样的。
404,"00:20:23,200","00:20:25,620",1223.2,1225.62,So the only thing that can happen,所以唯一可能发生的就是
405,"00:20:25,620","00:20:28,090",1225.62,1228.09,is that the wheel goes over like that.,轮子会像那样翻过去。
406,"00:20:28,090","00:20:30,370",1228.09,1230.37,"And so now, you'll never wonder again",所以从今往后，你不会再有疑问，
407,"00:20:30,370","00:20:33,000",1230.37,1233.0,"because you're thinking about the problem in the right way,",因为你正在用正确的方式思考问题，
408,"00:20:33,000","00:20:36,000",1233.0,1236.0,and it's demonstrated by the use of a prop.,而这通过道具的使用得到了证明。
409,"00:20:36,000","00:20:38,703",1236.0,1238.703,,
410,"00:20:38,703","00:20:40,120",1238.703,1240.12,You can try this after we're done.,我们结束后你可以试试。
411,"00:20:40,120","00:20:44,690",1240.12,1244.69,,
412,"00:20:44,690","00:20:47,980",1244.69,1247.98,Another example I like to remember,我喜欢的另一个例子
413,"00:20:47,980","00:20:50,880",1247.98,1250.88,is one from when I was taking 8.01.,是我上 8.01 课时的事。
414,"00:20:50,880","00:20:53,960",1250.88,1253.96,"Alan Lazarus was the instructor at the time,",当时的主讲人是艾伦·拉扎勒斯，
415,"00:20:53,960","00:20:57,220",1253.96,1257.22,"and he was talking about the conservation of energy, kinetic",他在讲能量守恒、动能
416,"00:20:57,220","00:20:59,450",1257.22,1259.45,and potential.,和势能。
417,"00:20:59,450","00:21:04,420",1259.45,1264.42,And there was a long wire in a ceiling in 26-100 attached,在 26-100 教室的天花板上有一根长钢丝，
418,"00:21:04,420","00:21:07,800",1264.42,1267.8,"to a much bigger steel ball, but one--",下面挂着一个大得多的钢球，但是——
419,"00:21:07,800","00:21:09,270",1267.8,1269.27,not one like this.,不是这样的。
420,"00:21:09,270","00:21:15,100",1269.27,1275.1,And Lazarus took the ball up against the wall like this.,拉扎勒斯把球拉到墙边，像这样。
421,"00:21:15,100","00:21:19,210",1275.1,1279.21,"He put his head flat against the wall to steady himself,",他把头平贴在墙上稳住自己，
422,"00:21:19,210","00:21:22,390",1279.21,1282.39,"and then he let go, and the pendulum",然后松手，摆锤
423,"00:21:22,390","00:21:25,750",1282.39,1285.75,"takes many seconds to go over and back,",要花好几秒才能荡过去又荡回来，
424,"00:21:25,750","00:21:31,300",1285.75,1291.3,and then gently kisses Lazarus's nose.,然后轻轻擦过拉扎勒斯的鼻子。
425,"00:21:31,300","00:21:33,700",1291.3,1293.7,"And so you have many seconds to think,",所以你有好几秒的时间去思考，
426,"00:21:33,700","00:21:36,550",1293.7,1296.55,this guy really believes in the conservation of energy.,这家伙真的相信能量守恒。
427,"00:21:36,550","00:21:43,270",1296.55,1303.27,,
428,"00:21:43,270","00:21:46,600",1303.27,1306.6,Do not try this at home.,请勿在家尝试。
429,"00:21:46,600","00:21:50,180",1306.6,1310.18,"The problem is that, the first time you do this,",问题在于，第一次做的时候，
430,"00:21:50,180","00:21:51,820",1310.18,1311.82,you may not just let go.,你可能不会直接松手。
431,"00:21:51,820","00:21:54,640",1311.82,1314.64,There's a natural human tendency to push.,人有一种自然的推力倾向。
432,"00:21:54,640","00:22:01,510",1314.64,1321.51,,
433,"00:22:01,510","00:22:04,510",1321.51,1324.51,So that's a little bit on a subject of props.,所以关于道具这个话题就讲这些。
434,"00:22:04,510","00:22:24,612",1324.51,1344.612,,
435,"00:22:24,612","00:22:25,320",1344.612,1345.32,It's interesting.,这很有意思。
436,"00:22:25,320","00:22:29,810",1345.32,1349.81,"Whenever surveys are taken, students always say more chalk,",每次做调查时，学生们总是说要更多粉笔，
437,"00:22:29,810","00:22:31,800",1349.81,1351.8,less PowerPoint.,少用 PowerPoint。
438,"00:22:31,800","00:22:34,230",1351.8,1354.23,And why would that be?,为什么会这样呢？
439,"00:22:34,230","00:22:37,080",1354.23,1357.08,Props are also very effective.,道具也非常有效。
440,"00:22:37,080","00:22:39,420",1357.08,1359.42,Why would that be?,为什么呢？
441,"00:22:39,420","00:22:42,870",1359.42,1362.87,I'll give you my lunatic fringe view on this.,我来给你讲讲我那疯狂的少数派观点。
442,"00:22:42,870","00:23:02,350",1362.87,1382.35,It has to do with what I would call empathetic mirroring.,"这与我所谓的""共情镜像""有关。"
443,"00:23:02,350","00:23:05,020",1382.35,1385.02,"When you're sitting up there watching me write on the board,",当你坐在那里看我在黑板上写字时，
444,"00:23:05,020","00:23:08,950",1385.02,1388.95,"all those little mirror neurons in your head, I believe,",我相信，你脑子里那些小小的镜像神经元
445,"00:23:08,950","00:23:11,560",1388.95,1391.56,"become actuated, and you can feel yourself",会被激活，你能感觉到自己
446,"00:23:11,560","00:23:13,060",1391.56,1393.06,writing on the blackboard.,正在黑板上写字。
447,"00:23:13,060","00:23:18,560",1393.06,1398.56,"And even more so, when I talk about this steel ball going",更明显的是，当我讲到这个钢球这样
448,"00:23:18,560","00:23:22,270",1398.56,1402.27,"that way and this way, you can feel the ball",那样地摆动时，你能感觉到那个球
449,"00:23:22,270","00:23:26,380",1402.27,1406.38,"as if you were me, and you can't do that with a slide.",仿佛你就是我自己，幻灯片做不到这点。
450,"00:23:26,380","00:23:28,190",1406.38,1408.19,You can't do it with a picture.,图片也做不到。
451,"00:23:28,190","00:23:31,820",1408.19,1411.82,You need to see it in the physical world.,你需要在现实世界中亲眼看到它。
452,"00:23:31,820","00:23:34,090",1411.82,1414.09,That's why I think that--,这就是我认为——
453,"00:23:34,090","00:23:35,803",1414.09,1415.803,"oh, yes, of course, it's--",哦，是的，当然，这是——
454,"00:23:35,803","00:23:37,470",1415.803,1417.47,"there are speed questions involved, too,",这里也涉及速度的问题，
455,"00:23:37,470","00:23:39,640",1417.47,1419.64,that have to be separated out.,那需要分开讨论。
456,"00:23:39,640","00:23:41,140",1419.64,1421.14,But I think the empathetic mirroring,但我认为共情镜像
457,"00:23:41,140","00:23:47,890",1421.14,1427.89,is why props and the use of a blackboard are so effective.,正是道具和黑板如此有效的原因。
458,"00:23:47,890","00:23:53,990",1427.89,1433.99,"Well, let's see-- oh, yes, there is one more thing",嗯，让我想想——哦，对了，关于工具还有一件事，
459,"00:23:53,990","00:23:57,100",1433.99,1437.1,"by way of the tools, and that has",那就是和幻灯片的使用有关。
460,"00:23:57,100","00:23:59,500",1437.1,1439.5,to do with the use of slides.,幻灯片的使用。
461,"00:23:59,500","00:24:02,260",1439.5,1442.26,,
462,"00:24:02,260","00:24:05,140",1442.26,1445.14,"I repeat, I think they're for exposing ideas,",我再说一次，我认为幻灯片是用来展示想法的，
463,"00:24:05,140","00:24:08,440",1445.14,1448.44,"not for teaching ideas, but that's what we do in a job talk",不是用来教学的，但在求职报告
464,"00:24:08,440","00:24:11,230",1448.44,1451.23,or conference talk--,或会议报告中我们就是这么做的——
465,"00:24:11,230","00:24:12,130",1451.23,1452.13,expose ideas.,展示想法。
466,"00:24:12,130","00:24:14,090",1452.13,1454.09,We don't teach them.,我们并不讲清楚。
467,"00:24:14,090","00:24:16,840",1454.09,1456.84,So let me tell you a little bit about my views on that.,那我来给你讲讲我对这件事的看法。
468,"00:24:16,840","00:24:20,510",1456.84,1460.51,,
469,"00:24:20,510","00:24:29,060",1460.51,1469.06,"I remember, once, I was in Terminal A at Logan Airport.",我记得有一次，我在洛根机场的 A 航站楼。
470,"00:24:29,060","00:24:33,240",1469.06,1473.24,"I'd just come back from a really miserable conference,",我刚从一个糟糕透顶的会议回来，
471,"00:24:33,240","00:24:35,155",1473.24,1475.155,and the flight was really horrible.,航班也很糟糕。
472,"00:24:35,155","00:24:37,530",1475.155,1477.53,It was one of those that feels like an unbalanced washing,那种感觉就像一台失衡的洗衣
473,"00:24:37,530","00:24:39,095",1477.53,1479.095,machine.,机。
474,"00:24:39,095","00:24:40,470",1479.095,1480.47,"And for the only time in my life,",那是我一生中唯一的一次，
475,"00:24:40,470","00:24:46,620",1480.47,1486.62,I decided to stop on my way to my car and have a cup of coffee,我决定在去停车场的路上停下来喝杯咖啡，
476,"00:24:46,620","00:24:48,560",1486.62,1488.56,and relax a little bit.,放松一下。
477,"00:24:48,560","00:24:51,450",1488.56,1491.45,"And as I was there for a few minutes, someone came up to me",我在那儿待了几分钟，有人走过来
478,"00:24:51,450","00:24:54,690",1491.45,1494.69,"and said, are you Professor Winston?",问我：你是温斯顿教授吗？
479,"00:24:54,690","00:24:57,808",1494.69,1497.808,"I think so, I said.",我想是的，我说。
480,"00:24:57,808","00:24:58,350",1497.808,1498.35,I don't know.,我也不确定。
481,"00:24:58,350","00:25:00,570",1498.35,1500.57,I guess I was trying to be funny.,我猜我当时是想开个玩笑。
482,"00:25:00,570","00:25:02,700",1500.57,1502.7,"In any event, he said, I'm on my way to Europe",不管怎样，他说，我要飞去欧洲
483,"00:25:02,700","00:25:04,320",1502.7,1504.32,to give a job talk.,做一个求职报告。
484,"00:25:04,320","00:25:07,440",1504.32,1507.44,Would you mine critiquing my slides?,你介意给我的幻灯片提提意见吗？
485,"00:25:07,440","00:25:08,610",1507.44,1508.61,"Not at all, I said.",一点也不，我说。
486,"00:25:08,610","00:25:12,750",1508.61,1512.75,"You have too many, and they have too many words.",你做得太多了，而且文字也太多。
487,"00:25:12,750","00:25:15,280",1512.75,1515.28,"How did you know, he said, thinking perhaps I",你怎么知道的，他说，心想也许我
488,"00:25:15,280","00:25:17,790",1515.28,1517.79,had seen a talk of his before.,以前听过他的报告。
489,"00:25:17,790","00:25:19,800",1517.79,1519.8,I hadn't.,我没听过。
490,"00:25:19,800","00:25:22,770",1519.8,1522.77,"My reply was, because it's always true.",我回答说，因为这种情况总是如此。
491,"00:25:22,770","00:25:26,310",1522.77,1526.31,"There are always too many slides, always too many words.",总是幻灯片太多，总是文字太多。
492,"00:25:26,310","00:25:29,725",1526.31,1529.725,So let me show you some extreme examples of how not to use,所以我来给你们看几个不该使用
493,"00:25:29,725","00:25:30,225",1529.725,1530.225,slides.,幻灯片的极端例子。
494,"00:25:30,225","00:25:34,110",1530.225,1534.11,,
495,"00:25:34,110","00:25:42,270",1534.11,1542.27,"Well, for this demonstration, I need to be way over here",为了做这个演示，我需要站到那边去，
496,"00:25:42,270","00:25:48,510",1542.27,1548.51,"and when I get over here, then I can start to say things like,",等我走到那边，就可以开始说这样的话：
497,"00:25:48,510","00:25:51,342",1548.51,1551.342,one of the things you shouldn't do is read your transparencies.,你不应该做的事之一就是照着投影胶片念。
498,"00:25:51,342","00:25:53,050",1551.342,1553.05,"People in your audience know how to read,",你的听众都会阅读，
499,"00:25:53,050","00:25:55,410",1553.05,1555.41,and reading will just annoy them.,照念只会让他们厌烦。
500,"00:25:55,410","00:25:56,940",1555.41,1556.94,"Also, you should be sure that you",此外，你要确保自己
501,"00:25:56,940","00:25:59,700",1556.94,1559.7,"have only a few words on each transparency,","have only a few words on each transparency,"
502,"00:25:59,700","00:26:02,160",1559.7,1562.16,and that the words are easy to read.,and that the words are easy to read.
503,"00:26:02,160","00:26:05,310",1562.16,1565.31,And I hope I'm driving you crazy because I'm,And I hope I'm driving you crazy because I'm
504,"00:26:05,310","00:26:08,550",1565.31,1568.55,"committing all kinds of crimes, the first of which","committing all kinds of crimes, the first of which"
505,"00:26:08,550","00:26:12,540",1568.55,1572.54,is that there are too many words on the slide.,is that there are too many words on the slide.
506,"00:26:12,540","00:26:14,630",1572.54,1574.63,"Second of which is, I'm way over there,","Second of which is, I'm way over there,"
507,"00:26:14,630","00:26:16,560",1574.63,1576.56,and the slide's way over there.,and the slide's way over there.
508,"00:26:16,560","00:26:20,070",1576.56,1580.07,So you get into this tennis match feeling,So you get into this tennis match feeling
509,"00:26:20,070","00:26:23,700",1580.07,1583.7,of shifting back and forth between the slide,of shifting back and forth between the slide
510,"00:26:23,700","00:26:24,600",1583.7,1584.6,and the speaker.,and the speaker.
511,"00:26:24,600","00:26:26,790",1584.6,1586.79,You want the slides to be condiments to what,You want the slides to be condiments to what
512,"00:26:26,790","00:26:29,730",1586.79,1589.73,"you're saying, not the main event or the opposite way","you're saying, not the main event or the opposite way"
513,"00:26:29,730","00:26:31,150",1589.73,1591.15,around.,around.
514,"00:26:31,150","00:26:33,420",1591.15,1593.42,So how can we fix this?,So how can we fix this?
515,"00:26:33,420","00:26:37,860",1593.42,1597.86,Step number one is to get rid of the background junk.,Step number one is to get rid of the background junk.
516,"00:26:37,860","00:26:40,560",1597.86,1600.56,That's always distraction.,That's always distraction.
517,"00:26:40,560","00:26:43,590",1600.56,1603.59,Step number two is to get rid of the words.,Step number two is to get rid of the words.
518,"00:26:43,590","00:26:46,320",1603.59,1606.32,"When I reduced the words to these,","When I reduced the words to these,"
519,"00:26:46,320","00:26:50,210",1606.32,1610.21,"then everything I read a previous time,","then everything I read a previous time,"
520,"00:26:50,210","00:26:53,270",1610.21,1613.27,"I'm not licensed to say, because it's not on the slide.","I'm not licensed to say, because it's not on the slide."
521,"00:26:53,270","00:26:55,090",1613.27,1615.09,"I'm not reading my slides anymore,","I'm not reading my slides anymore,"
522,"00:26:55,090","00:26:58,370",1615.09,1618.37,but I'm saying what was written on the slides,but I'm saying what was written on the slides
523,"00:26:58,370","00:27:02,010",1618.37,1622.01,in a previous example.,in a previous example.
524,"00:27:02,010","00:27:05,310",1622.01,1625.31,So what else can we do to simplify this?,So what else can we do to simplify this?
525,"00:27:05,310","00:27:07,760",1625.31,1627.76,"Well, we can get rid of the logos.","Well, we can get rid of the logos."
526,"00:27:07,760","00:27:10,750",1627.76,1630.75,We don't need them.,We don't need them.
527,"00:27:10,750","00:27:13,030",1630.75,1633.03,Simplification.,Simplification.
528,"00:27:13,030","00:27:15,400",1633.03,1635.4,What else can we do?,What else can we do?
529,"00:27:15,400","00:27:17,410",1635.4,1637.41,Get rid of the title.,Get rid of the title.
530,"00:27:17,410","00:27:20,240",1637.41,1640.24,"Now, I want to talk to you about some rules for slide","Now, I want to talk to you about some rules for slide"
531,"00:27:20,240","00:27:21,250",1640.24,1641.25,preparation.,preparation.
532,"00:27:21,250","00:27:22,840",1641.25,1642.84,I'm telling you the title.,I'm telling you the title.
533,"00:27:22,840","00:27:24,880",1642.84,1644.88,It doesn't have to be up there.,It doesn't have to be up there.
534,"00:27:24,880","00:27:27,370",1644.88,1647.37,"By reducing the number of words on the slide,","By reducing the number of words on the slide,"
535,"00:27:27,370","00:27:29,350",1647.37,1649.35,I'm allowing you to pay more attention to me,I'm allowing you to pay more attention to me
536,"00:27:29,350","00:27:32,295",1649.35,1652.295,and less to what's written on the slide.,and less to what's written on the slide.
537,"00:27:32,295","00:27:34,420",1652.295,1654.42,I mentioned it before-- we-- have only one language,I mentioned it before-- we-- have only one language
538,"00:27:34,420","00:27:38,140",1654.42,1658.14,"processor, and we can either use it to read stuff","processor, and we can either use it to read stuff"
539,"00:27:38,140","00:27:40,170",1658.14,1660.17,or to listen to the speaker.,or to listen to the speaker.
540,"00:27:40,170","00:27:43,240",1660.17,1663.24,"And so if we have too many words on the slide,","And so if we have too many words on the slide,"
541,"00:27:43,240","00:27:45,700",1663.24,1665.7,it forces people in the audience to read this stuff,it forces people in the audience to read this stuff
542,"00:27:45,700","00:27:46,330",1665.7,1666.33,and not listen.,and not listen.
543,"00:27:46,330","00:27:49,270",1666.33,1669.27,,
544,"00:27:49,270","00:27:52,570",1669.27,1672.57,A student of mine did an experiment a few years ago.,A student of mine did an experiment a few years ago.
545,"00:27:52,570","00:28:00,130",1672.57,1680.13,He taught some students some web-based programming ideas.,He taught some students some web-based programming ideas.
546,"00:28:00,130","00:28:04,580",1680.13,1684.58,"Half the information was on slides, he said the other half,","Half the information was on slides, he said the other half,"
547,"00:28:04,580","00:28:07,630",1684.58,1687.63,"and then for a control group, he reversed it.","and then for a control group, he reversed it."
548,"00:28:07,630","00:28:10,960",1687.63,1690.96,"And the question was, what did the subjects--","And the question was, what did the subjects--"
549,"00:28:10,960","00:28:13,240",1690.96,1693.24,"that is to say, freshmen at his fraternity--","that is to say, freshmen at his fraternity--"
550,"00:28:13,240","00:28:18,040",1693.24,1698.04,"what did the subjects remember best, what he said,","what did the subjects remember best, what he said,"
551,"00:28:18,040","00:28:21,260",1698.04,1701.26,or what they read on the slide?,or what they read on the slide?
552,"00:28:21,260","00:28:26,432",1701.26,1706.432,"And the answer is, what they read on the slide.","And the answer is, what they read on the slide."
553,"00:28:26,432","00:28:28,390",1706.432,1708.39,"When their slides have a lot of material on it,","When their slides have a lot of material on it,"
554,"00:28:28,390","00:28:30,110",1708.39,1710.11,they don't pay attention to the speaker.,they don't pay attention to the speaker.
555,"00:28:30,110","00:28:33,190",1710.11,1713.19,"In fact, in the after action report, one of the subjects","In fact, in the after action report, one of the subjects"
556,"00:28:33,190","00:28:36,100",1713.19,1716.1,"said, I wish you hadn't talked so much.","said, I wish you hadn't talked so much."
557,"00:28:36,100","00:28:37,060",1716.1,1717.06,It was distracting.,It was distracting.
558,"00:28:37,060","00:28:41,000",1717.06,1721.0,,
559,"00:28:41,000","00:28:44,120",1721.0,1724.12,"Well, the last item is eliminate clutter.","Well, the last item is eliminate clutter."
560,"00:28:44,120","00:28:46,230",1724.12,1726.23,Here's some clutter.,Here's some clutter.
561,"00:28:46,230","00:28:49,710",1726.23,1729.71,No reason even for those bullets.,No reason even for those bullets.
562,"00:28:49,710","00:28:51,780",1729.71,1731.78,So the too many words problem is a consequence,So the too many words problem is a consequence
563,"00:28:51,780","00:28:55,410",1731.78,1735.41,of a crime Microsoft has committed,of a crime Microsoft has committed
564,"00:28:55,410","00:28:59,350",1735.41,1739.35,by allowing you to use fonts that are too small.,by allowing you to use fonts that are too small.
565,"00:28:59,350","00:29:03,570",1739.35,1743.57,So you should all have a sample slide like this,So you should all have a sample slide like this
566,"00:29:03,570","00:29:06,240",1743.57,1746.24,that you can use to determine what the minimum font,that you can use to determine what the minimum font
567,"00:29:06,240","00:29:09,480",1746.24,1749.48,size is that's easily legible.,size is that's easily legible.
568,"00:29:09,480","00:29:14,745",1749.48,1754.745,"[INAUDIBLE],, what do you think of those?","[INAUDIBLE],, what do you think of those?"
569,"00:29:14,745","00:29:16,212",1754.745,1756.212,AUDIENCE: Which size is right?,AUDIENCE: Which size is right?
570,"00:29:16,212","00:29:17,190",1756.212,1757.19,PATRICK WINSTON: What's that?,PATRICK WINSTON: What's that?
571,"00:29:17,190","00:29:19,023",1757.19,1759.023,AUDIENCE: Did you ask me what size is right?,AUDIENCE: Did you ask me what size is right?
572,"00:29:19,023","00:29:21,560",1759.023,1761.56,"PATRICK WINSTON: Yeah, minimum, maybe.","PATRICK WINSTON: Yeah, minimum, maybe."
573,"00:29:21,560","00:29:22,770",1761.56,1762.77,AUDIENCE: 40 or 50.,AUDIENCE: 40 or 50.
574,"00:29:22,770","00:29:24,990",1762.77,1764.99,"PATRICK WINSTON: Yeah, he says 40 or 50.","PATRICK WINSTON: Yeah, he says 40 or 50."
575,"00:29:24,990","00:29:27,050",1764.99,1767.05,I think that's about right.,I think that's about right.
576,"00:29:27,050","00:29:29,730",1767.05,1769.73,"35 is beginning to get too small, not necessarily","35 is beginning to get too small, not necessarily"
577,"00:29:29,730","00:29:32,917",1769.73,1772.917,"because you can't read it, but because you're probably","because you can't read it, but because you're probably"
578,"00:29:32,917","00:29:34,750",1772.917,1774.75,using it to get too many words on the slide.,using it to get too many words on the slide.
579,"00:29:34,750","00:29:37,380",1774.75,1777.38,,
580,"00:29:37,380","00:29:39,940",1777.38,1779.94,What other crimes do we have?,What other crimes do we have?
581,"00:29:39,940","00:29:43,755",1779.94,1783.755,"Well, we have the laser pointer crime.","Well, we have the laser pointer crime."
582,"00:29:43,755","00:29:46,890",1783.755,1786.89,"And for that-- in the old days, when","And for that-- in the old days, when"
583,"00:29:46,890","00:29:49,120",1786.89,1789.12,"we didn't have laser pointers, we used wooden ones,","we didn't have laser pointers, we used wooden ones,"
584,"00:29:49,120","00:29:52,590",1789.12,1792.59,and people would go waving these things around.,and people would go waving these things around.
585,"00:29:52,590","00:29:59,450",1792.59,1799.45,"And pretty soon it became almost like a baton twirling contest,","And pretty soon it became almost like a baton twirling contest,"
586,"00:29:59,450","00:30:02,400",1799.45,1802.4,so here's what I recommended in the old days,so here's what I recommended in the old days
587,"00:30:02,400","00:30:04,080",1802.4,1804.08,for dealing with this kind of pointer.,for dealing with this kind of pointer.
588,"00:30:04,080","00:30:08,970",1804.08,1808.97,,
589,"00:30:08,970","00:30:10,530",1808.97,1810.53,This is an example of use of a prop.,This is an example of use of a prop.
590,"00:30:10,530","00:30:14,070",1810.53,1814.07,,
591,"00:30:14,070","00:30:17,090",1814.07,1817.09,"Jim Glass up there saw this talk about 20 years ago,","Jim Glass up there saw this talk about 20 years ago,"
592,"00:30:17,090","00:30:19,380",1817.09,1819.38,"and said, oh, yeah, I remember that talk.","and said, oh, yeah, I remember that talk."
593,"00:30:19,380","00:30:23,250",1819.38,1823.25,That's the one where you broke the pointer.,That's the one where you broke the pointer.
594,"00:30:23,250","00:30:25,200",1823.25,1825.2,It's amazing how props tend to be,It's amazing how props tend to be
595,"00:30:25,200","00:30:27,480",1825.2,1827.48,the things that are remembered.,the things that are remembered.
596,"00:30:27,480","00:30:32,215",1827.48,1832.215,"Well, now, we don't have physical pointers anymore.","Well, now, we don't have physical pointers anymore."
597,"00:30:32,215","00:30:35,880",1832.215,1835.88,We've got laser pointers.,We've got laser pointers.
598,"00:30:35,880","00:30:39,090",1835.88,1839.09,It's a wonder more people aren't driven into epileptic fits,It's a wonder more people aren't driven into epileptic fits
599,"00:30:39,090","00:30:41,190",1839.09,1841.19,over this sort of stuff.,over this sort of stuff.
600,"00:30:41,190","00:30:43,848",1841.19,1843.848,"Well, here's what tends to happen.","Well, here's what tends to happen."
601,"00:30:43,848","00:30:44,390",1843.848,1844.39,看那个。,看那个。
602,"00:30:44,390","00:30:49,170",1844.39,1849.17,这是一幅美丽的递归图，我可以成为它的一部分，,这是一幅美丽的递归图，我可以成为它的一部分，
603,"00:30:49,170","00:30:52,026",1849.17,1852.026,只要把激光束打到我的后脑勺上，,只要把激光束打到我的后脑勺上，
604,"00:30:52,026","00:30:52,526",1852.026,1852.526,就在那里。,就在那里。
605,"00:30:52,526","00:30:56,100",1852.526,1856.1,,
606,"00:30:56,100","00:30:58,720",1856.1,1858.72,那你会看到什么？,那你会看到什么？
607,"00:30:58,720","00:31:01,440",1858.72,1861.44,你看到的是我的后脑勺。,你看到的是我的后脑勺。
608,"00:31:01,440","00:31:04,830",1861.44,1864.83,零眼神交流，零互动，什么都没有。,零眼神交流，零互动，什么都没有。
609,"00:31:04,830","00:31:08,300",1864.83,1868.3,有一次我跟一个学生一起坐着看一场讲座，,有一次我跟一个学生一起坐着看一场讲座，
610,"00:31:08,300","00:31:11,790",1868.3,1871.79,她说，你知道吗，我们现在所有人离开，,她说，你知道吗，我们现在所有人离开，
611,"00:31:11,790","00:31:12,710",1871.79,1872.71,他都不会察觉。,他都不会察觉。
612,"00:31:12,710","00:31:16,065",1872.71,1876.065,,
613,"00:31:16,065","00:31:17,940",1876.065,1877.94,那使用激光笔时会发生什么呢？,那使用激光笔时会发生什么呢？
614,"00:31:17,940","00:31:21,090",1877.94,1881.09,你不可能用激光笔却不用转过头去,你不可能用激光笔却不用转过头去
615,"00:31:21,090","00:31:25,050",1881.09,1885.05,指着什么东西；可你一旦这么做，,指着什么东西；可你一旦这么做，
616,"00:31:25,050","00:31:27,570",1885.05,1887.57,就失去了与听众的联系。,就失去了与听众的联系。
617,"00:31:27,570","00:31:29,590",1887.57,1889.59,这是你不想做的。,这是你不想做的。
618,"00:31:29,590","00:31:32,705",1889.59,1892.705,那如果你需要在图像上指出某个地方，,那如果你需要在图像上指出某个地方，
619,"00:31:32,705","00:31:34,080",1892.705,1894.08,又不想用激光笔去指，,又不想用激光笔去指，
620,"00:31:34,080","00:31:35,280",1894.08,1895.28,该怎么做呢？,该怎么做呢？
621,"00:31:35,280","00:31:36,840",1895.28,1896.84,就这样做：,就这样做：
622,"00:31:36,840","00:31:38,340",1896.84,1898.34,在上面画一个小箭头，然后说：,在上面画一个小箭头，然后说：
623,"00:31:38,340","00:31:41,730",1898.34,1901.73,"""现在，请看 1 号箭头末端那个人。""","""现在，请看 1 号箭头末端那个人。"""
624,"00:31:41,730","00:31:43,730",1901.73,1903.73,你不需要激光笔也能完成这件事。,你不需要激光笔也能完成这件事。
625,"00:31:43,730","00:31:48,933",1903.73,1908.933,,
626,"00:31:48,933","00:31:52,480",1908.933,1912.48,"""过重""之罪——当人们","""过重""之罪——当人们"
627,"00:31:52,480","00:31:55,370",1912.48,1915.37,请我帮他们审一份演示稿时，我会,请我帮他们审一份演示稿时，我会
628,"00:31:55,370","00:31:57,940",1915.37,1917.94,让他们把所有幻灯片打印出来，平铺在桌面上。,让他们把所有幻灯片打印出来，平铺在桌面上。
629,"00:31:57,940","00:32:01,060",1917.94,1921.06,,
630,"00:32:01,060","00:32:04,450",1921.06,1924.45,当他们这样做时，就很容易看出这场演讲是否过重：,当他们这样做时，就很容易看出这场演讲是否过重：
631,"00:32:04,450","00:32:08,740",1924.45,1928.74,文字过多，留白不足，空气不够，,文字过多，留白不足，空气不够，
632,"00:32:08,740","00:32:12,950",1928.74,1932.95,画面元素不够。,画面元素不够。
633,"00:32:12,950","00:32:16,540",1932.95,1936.54,"下面就是一个""过重""的好例子——","下面就是一个""过重""的好例子——"
634,"00:32:16,540","00:32:19,300",1936.54,1939.3,重得不得了。,重得不得了。
635,"00:32:19,300","00:32:22,982",1939.3,1942.982,做演示的人利用了小字号，,做演示的人利用了小字号，
636,"00:32:22,982","00:32:24,690",1942.982,1944.69,把他想放的全都塞进了幻灯片里。,把他想放的全都塞进了幻灯片里。
637,"00:32:24,690","00:32:27,600",1944.69,1947.6,,
638,"00:32:27,600","00:32:31,080",1947.6,1951.08,"这里还有许多别的""罪行""，但我想用""过重""之罪","这里还有许多别的""罪行""，但我想用""过重""之罪"
639,"00:32:31,080","00:32:33,800",1951.08,1953.8,来说明——它实在太重这个事实，正是我想说的。,来说明——它实在太重这个事实，正是我想说的。
640,"00:32:33,800","00:32:36,750",1953.8,1956.75,作为对比，下面是另一次演讲——,作为对比，下面是另一次演讲——
641,"00:32:36,750","00:32:37,890",1956.75,1957.89,几年前我做的那次。,几年前我做的那次。
642,"00:32:37,890","00:32:41,520",1957.89,1961.52,这不是一个纯技术性的演讲，,这不是一个纯技术性的演讲，
643,"00:32:41,520","00:32:46,800",1961.52,1966.8,"但我给你们看这个，是因为它里面留有""空气""。","但我给你们看这个，是因为它里面留有""空气""。"
644,"00:32:46,800","00:32:49,110",1966.8,1969.11,它大部分都是物体的图片。,它大部分都是物体的图片。
645,"00:32:49,110","00:32:52,930",1969.11,1972.93,有三四张幻灯片上是带有文字的，,有三四张幻灯片上是带有文字的，
646,"00:32:52,930","00:32:56,282",1972.93,1976.282,但每次转到那几张时，我会给听众时间去读完它们。,但每次转到那几张时，我会给听众时间去读完它们。
647,"00:32:56,282","00:32:57,990",1976.282,1977.99,这些文字留在那里，是因为它们可能带有某种,这些文字留在那里，是因为它们可能带有某种
648,"00:32:57,990","00:33:00,613",1977.99,1980.613,"""历史意义""。","""历史意义""。"
649,"00:33:00,613","00:33:02,280",1980.613,1982.28,第一张带较多文字的幻灯片，,第一张带较多文字的幻灯片，
650,"00:33:02,280","00:33:06,120",1982.28,1986.12,摘自 1957 年的——,摘自 1957 年的——
651,"00:33:06,120","00:33:10,830",1986.12,1990.83,摘自提议举办 1957 年达特茅斯 AI 会议的提案书。,摘自提议举办 1957 年达特茅斯 AI 会议的提案书。
652,"00:33:10,830","00:33:13,190",1990.83,1993.19,这是一场非常有趣的事件，,这是一场非常有趣的事件，
653,"00:33:13,190","00:33:17,790",1993.19,1997.79,那份提案书的节录,那份提案书的节录
654,"00:33:17,790","00:33:20,960",1997.79,2000.96,有助于强化这一点。,有助于强化这一点。
655,"00:33:20,960","00:33:23,080",2000.96,2003.08,我们再看其他几张？,我们再看其他几张？
656,"00:33:23,080","00:33:25,680",2003.08,2005.68,"噢，对了，今天的""词汇课""。","噢，对了，今天的""词汇课""。"
657,"00:33:25,680","00:33:28,770",2005.68,2008.77,"这是一张""一次性词（hapax legomenon）""。","这是一张""一次性词（hapax legomenon）""。"
658,"00:33:28,770","00:33:31,170",2008.77,2011.17,它的意思是，这种幻灯片,它的意思是，这种幻灯片
659,"00:33:31,170","00:33:36,540",2011.17,2016.54,在你的整场演讲中只能出现一次。,在你的整场演讲中只能出现一次。
660,"00:33:36,540","00:33:38,910",2016.54,2018.91,下面这张幻灯片几年前曾流传开来：,下面这张幻灯片几年前曾流传开来：
661,"00:33:38,910","00:33:43,500",2018.91,2023.5,它把阿富汗治理的复杂性可视化出来，,它把阿富汗治理的复杂性可视化出来，
662,"00:33:43,500","00:33:49,640",2023.5,2029.64,让人直观地感受到那种不可思议的复杂。,让人直观地感受到那种不可思议的复杂。
663,"00:33:49,640","00:33:52,480",2029.64,2032.48,它是一种连你这位观众也无法一眼看懂的内容，,它是一种连你这位观众也无法一眼看懂的内容，
664,"00:33:52,480","00:33:55,920",2032.48,2035.92,而那正是它的价值，但你不能用很多张，,而那正是它的价值，但你不能用很多张，
665,"00:33:55,920","00:33:58,590",2035.92,2038.59,每场演讲、每篇论文、,每场演讲、每篇论文、
666,"00:33:58,590","00:34:00,780",2038.59,2040.78,每本书各一张就好。,每本书各一张就好。
667,"00:34:00,780","00:34:04,620",2040.78,2044.62,"""hapax legomenon""就是这个意思，这就是例子。","""hapax legomenon""就是这个意思，这就是例子。"
668,"00:34:04,620","00:34:06,725",2044.62,2046.725,,
669,"00:34:06,725","00:34:08,100",2046.725,2048.1,"好了，我已经给你们看了一些""罪行""。","好了，我已经给你们看了一些""罪行""。"
670,"00:34:08,100","00:34:12,739",2048.1,2052.739,"你们可能会问，这些""罪行""真会发生吗？","你们可能会问，这些""罪行""真会发生吗？"
671,"00:34:12,739","00:34:16,861",2052.739,2056.861,它们确实会发生。,它们确实会发生。
672,"00:34:16,861","00:34:21,775",2056.861,2061.775,[笑声],[笑声]
673,"00:34:21,775","00:34:23,400",2061.775,2063.4,"这是""双手插口袋""之罪。","这是""双手插口袋""之罪。"
674,"00:34:23,400","00:34:26,540",2063.4,2066.54,,
675,"00:34:26,540","00:34:32,210",2066.54,2072.21,"这里还有一个""时间和地点""之罪，","这里还有一个""时间和地点""之罪，"
676,"00:34:32,210","00:34:35,837",2072.21,2075.837,给你们看看怎么去巴托斯剧场（Bartos Theater）。,给你们看看怎么去巴托斯剧场（Bartos Theater）。
677,"00:34:35,837","00:34:37,670",2075.837,2077.67,首先，你走上这些台阶，,首先，你走上这些台阶，
678,"00:34:37,670","00:34:44,120",2077.67,2084.12,在媒体实验室那边；然后穿越这片开阔的空地，,在媒体实验室那边；然后穿越这片开阔的空地，
679,"00:34:44,120","00:34:45,920",2084.12,2085.92,再沿着这条走廊右转。,再沿着这条走廊右转。
680,"00:34:45,920","00:34:47,201",2085.92,2087.201,[笑声],[笑声]
681,"00:34:47,201","00:34:48,860",2087.201,2088.86,每当走到这里时，,每当走到这里时，
682,"00:34:48,860","00:34:51,962",2088.86,2091.962,我都会想，转过这个角是不是会有刑具。,我都会想，转过这个角是不是会有刑具。
683,"00:34:51,962","00:34:52,462",2091.962,2092.462,[笑声],[笑声]
684,"00:34:52,462","00:34:54,530",2092.462,2094.53,等你走进去，你就,等你走进去，你就
685,"00:34:54,530","00:34:57,680",2094.53,2097.68,来到了这个昏暗、阴沉的地方。,来到了这个昏暗、阴沉的地方。
686,"00:34:57,680","00:35:00,418",2097.68,2100.418,"所以把它叫做""巴托斯剧场""，名字取得很贴切——","所以把它叫做""巴托斯剧场""，名字取得很贴切——"
687,"00:35:00,418","00:35:02,460",2100.418,2102.46,它是一个看电影的好地方，,它是一个看电影的好地方，
688,"00:35:02,460","00:35:04,418",2102.46,2104.418,但不是做讲座的地方。,但不是做讲座的地方。
689,"00:35:04,418","00:35:07,330",2104.418,2107.33,,
690,"00:35:07,330","00:35:10,700",2107.33,2110.7,"现在，关于""这到底会不会发生""，","现在，关于""这到底会不会发生""，"
691,"00:35:10,700","00:35:14,870",2110.7,2114.87,这是一段时间前我在 Stata 大楼听过的一次讲座。,这是一段时间前我在 Stata 大楼听过的一次讲座。
692,"00:35:14,870","00:35:19,150",2114.87,2119.15,注意演讲者离幻灯片很远。,注意演讲者离幻灯片很远。
693,"00:35:19,150","00:35:22,750",2119.15,2122.75,演讲者正在使用激光笔。,演讲者正在使用激光笔。
694,"00:35:22,750","00:35:26,110",2122.75,2126.11,"你对我说：""这儿怎么了？""","你对我说：""这儿怎么了？"""
695,"00:35:26,110","00:35:29,500",2126.11,2129.5,顺便说一句，这已经是第 80 张——第 80 张！,顺便说一句，这已经是第 80 张——第 80 张！
696,"00:35:29,500","00:35:31,460",2129.5,2131.46,演讲的幻灯片了。,演讲的幻灯片了。
697,"00:35:31,460","00:35:33,320",2131.46,2133.32,请注意，幻灯片上写着：,请注意，幻灯片上写着：
698,"00:35:33,320","00:35:35,810",2133.32,2135.81,"""这是 10 张结论幻灯片中的第一张。""","""这是 10 张结论幻灯片中的第一张。"""
699,"00:35:35,810","00:35:37,960",2135.81,2137.96,[笑声],[笑声]
700,"00:35:37,960","00:35:41,740",2137.96,2141.74,那听众的反应如何？,那听众的反应如何？
701,"00:35:41,740","00:35:43,572",2141.74,2143.572,那是会议的主办方。,那是会议的主办方。
702,"00:35:43,572","00:35:44,840",2143.572,2144.84,[笑声],[笑声]
703,"00:35:44,840","00:35:47,320",2144.84,2147.32,他在看他的邮件。,他在看他的邮件。
704,"00:35:47,320","00:35:50,240",2147.32,2150.24,这是会议的协办方。,这是会议的协办方。
705,"00:35:50,240","00:35:52,012",2150.24,2152.012,他在研究午餐菜单。,他在研究午餐菜单。
706,"00:35:52,012","00:35:54,552",2152.012,2154.552,[笑声],[笑声]
707,"00:35:54,552","00:35:55,510",2154.552,2155.51,这个人呢？,这个人呢？
708,"00:35:55,510","00:35:58,830",2155.51,2158.83,,
709,"00:35:58,830","00:36:02,250",2158.83,2162.25,这个人看起来在专心听讲，,这个人看起来在专心听讲，
710,"00:36:02,250","00:36:04,863",2162.25,2164.863,但只是因为这是一张静态图片。,但只是因为这是一张静态图片。
711,"00:36:04,863","00:36:06,780",2164.863,2166.78,如果你看视频，你会看到,如果你看视频，你会看到
712,"00:36:06,780","00:36:10,555",2166.78,2170.555,是这样子的[打哈欠]。,是这样子的[打哈欠]。
713,"00:36:10,555","00:36:14,350",2170.555,2174.35,[笑声],[笑声]
714,"00:36:14,350","00:36:17,960",2174.35,2177.96,所以是的，它真的会发生。,所以是的，它真的会发生。
715,"00:36:17,960","00:36:23,080",2177.96,2183.08,嗯，现在，这是一个关于工具的快速回顾。,嗯，现在，这是一个关于工具的快速回顾。
716,"00:36:23,080","00:36:27,700",2183.08,2187.7,现在，我想谈一些特殊的情况。,现在，我想谈一些特殊的情况。
717,"00:36:27,700","00:36:30,300",2187.7,2190.3,,
718,"00:36:30,300","00:36:32,830",2190.3,2192.83,"我们可以稍微谈一下""告知""，","我们可以稍微谈一下""告知""，"
719,"00:36:32,830","00:36:38,010",2192.83,2198.01,或者说，换个说法，做我现在正在做的事情。,或者说，换个说法，做我现在正在做的事情。
720,"00:36:38,010","00:36:40,360",2198.01,2200.36,但我就说几句话。,但我就说几句话。
721,"00:36:40,360","00:36:42,340",2200.36,2202.34,在那类演讲中，,在那类演讲中，
722,"00:36:42,340","00:36:46,870",2202.34,2206.87,你要以一个承诺开场，就像我现在,你要以一个承诺开场，就像我现在
723,"00:36:46,870","00:36:48,255",2206.87,2208.255,正在做的这一个小时。,正在做的这一个小时。
724,"00:36:48,255","00:36:49,630",2208.255,2209.63,"然后就到了""如何激励人们""","然后就到了""如何激励人们"""
725,"00:36:49,630","00:36:52,888",2209.63,2212.888,这个问题。,这个问题。
726,"00:36:52,888","00:36:54,430",2212.888,2214.43,我讲这个演讲已经讲了很久了，,我讲这个演讲已经讲了很久了，
727,"00:36:54,430","00:36:58,300",2214.43,2218.3,几年前，我们的系主任,几年前，我们的系主任
728,"00:36:58,300","00:37:02,260",2218.3,2222.26,"说：""你愿意把这个演讲讲给新教员听吗？","说：""你愿意把这个演讲讲给新教员听吗？"
729,"00:37:02,260","00:37:06,732",2222.26,2226.732,"务必强调激励学生所需的东西。""","务必强调激励学生所需的东西。"""
730,"00:37:06,732","00:37:09,190",2226.732,2229.19,奇怪的是，我以前没有想过这个问题。,奇怪的是，我以前没有想过这个问题。
731,"00:37:09,190","00:37:11,290",2229.19,2231.29,所以我开始了一项调查。,所以我开始了一项调查。
732,"00:37:11,290","00:37:14,490",2231.29,2234.49,我和几个新入学的大一新生谈了，,我和几个新入学的大一新生谈了，
733,"00:37:14,490","00:37:17,290",2234.49,2237.29,和高年级教员以及中间所有人,和高年级教员以及中间所有人
734,"00:37:17,290","00:37:21,520",2237.29,2241.52,谈了，他们是如何被激励的。,谈了，他们是如何被激励的。
735,"00:37:21,520","00:37:23,963",2241.52,2243.963,我从大一新生那里了解到,我从大一新生那里了解到
736,"00:37:23,963","00:37:26,380",2243.963,2246.38,他们是被某位高中老师激励的，,他们是被某位高中老师激励的，
737,"00:37:26,380","00:37:29,050",2246.38,2249.05,"那位老师告诉他们""你能行""。","那位老师告诉他们""你能行""。"
738,"00:37:29,050","00:37:32,140",2249.05,2252.14,我从高年级教员那里了解到，,我从高年级教员那里了解到，
739,"00:37:32,140","00:37:35,280",2252.14,2255.28,他们是被某个帮他们,他们是被某个帮他们
740,"00:37:35,280","00:37:38,310",2255.28,2258.31,以新方式看待一个问题的人激励的。,以新方式看待一个问题的人激励的。
741,"00:37:38,310","00:37:44,050",2258.31,2264.05,而我从所有人那里都看到的是，他们是在,而我从所有人那里都看到的是，他们是在
742,"00:37:44,050","00:37:49,680",2264.05,2269.68,某个人对自己所做的事情表现出热情时,某个人对自己所做的事情表现出热情时
743,"00:37:49,680","00:37:52,920",2269.68,2272.92,被激励的——表现出对自己所做的事情的热情。,被激励的——表现出对自己所做的事情的热情。
744,"00:37:52,920","00:37:57,720",2272.92,2277.72,所以那是一种激励人的方法。,所以那是一种激励人的方法。
745,"00:37:57,720","00:38:03,310",2277.72,2283.31,对我来说这很容易，因为我是做人工智能的。,对我来说这很容易，因为我是做人工智能的。
746,"00:38:03,310","00:38:06,030",2283.31,2286.03,你怎么可能对,你怎么可能对
747,"00:38:06,030","00:38:07,230",2286.03,2287.23,人工智能不感兴趣呢？,人工智能不感兴趣呢？
748,"00:38:07,230","00:38:08,040",2287.23,2288.04,[笑声],[笑声]
749,"00:38:08,040","00:38:10,842",2288.04,2290.842,我的意思是，如果你对人工智能不感兴趣，,我的意思是，如果你对人工智能不感兴趣，
750,"00:38:10,842","00:38:13,050",2290.842,2293.05,你可能对有趣的事情不感兴趣。,你可能对有趣的事情不感兴趣。
751,"00:38:13,050","00:38:15,630",2293.05,2295.63,,
752,"00:38:15,630","00:38:20,640",2295.63,2300.64,所以当我在我的 AI 课上做讲座时，,所以当我在我的 AI 课上做讲座时，
753,"00:38:20,640","00:38:23,550",2300.64,2303.55,对我来说自然地讲讲我认为很酷的东西,对我来说自然地讲讲我认为很酷的东西
754,"00:38:23,550","00:38:27,320",2303.55,2307.32,以及某些新想法有多么令人激动。,以及某些新想法有多么令人激动。
755,"00:38:27,320","00:38:31,080",2307.32,2311.08,所以那就是那种,所以那就是那种
756,"00:38:31,080","00:38:34,950",2311.08,2314.95,"在""告知""中关于""激励""这个问题上","在""告知""中关于""激励""这个问题上"
757,"00:38:34,950","00:38:37,080",2314.95,2317.08,起作用的热情表达。,起作用的热情表达。
758,"00:38:37,080","00:38:39,960",2317.08,2319.96,,
759,"00:38:39,960","00:38:43,540",2319.96,2323.54,哦，是的，当然，在这个承诺阶段，,哦，是的，当然，在这个承诺阶段，
760,"00:38:43,540","00:38:47,070",2323.54,2327.07,你也可以表达这些东西有多酷。,你也可以表达这些东西有多酷。
761,"00:38:47,070","00:38:50,670",2327.07,2330.67,让我给你们一个以这种方式开场的讲座的例子。,让我给你们一个以这种方式开场的讲座的例子。
762,"00:38:50,670","00:38:53,060",2330.67,2333.06,我在讲资源分配。,我在讲资源分配。
763,"00:38:53,060","00:38:55,760",2333.06,2335.76,它和你们想到的那些东西——,它和你们想到的那些东西——
764,"00:38:55,760","00:38:57,302",2335.76,2337.302,它和你在把飞机分配到一个航班时刻表上,它和你在把飞机分配到一个航班时刻表上
765,"00:38:57,302","00:39:01,290",2337.302,2341.29,或者在安排一个工厂,或者在安排一个工厂
766,"00:39:01,290","00:39:04,000",2341.29,2344.0,的时候会想到的同类的想法是一样的。,的时候会想到的同类的想法是一样的。
767,"00:39:04,000","00:39:06,060",2344.0,2346.06,但例子是用颜色,但例子是用颜色
768,"00:39:06,060","00:39:08,760",2346.06,2348.76,给美国的州上色，,给美国的州上色，
769,"00:39:08,760","00:39:11,380",2348.76,2351.38,使得任何相邻的两个州没有相同的颜色。,使得任何相邻的两个州没有相同的颜色。
770,"00:39:11,380","00:39:12,050",2351.38,2352.05,所以开始了。,所以开始了。
771,"00:39:12,050","00:39:15,390",2352.05,2355.39,,
772,"00:39:15,390","00:39:18,600",2355.39,2358.6,这是我在课开始时展示的内容。,这是我在课开始时展示的内容。
773,"00:39:18,600","00:39:21,520",2358.6,2361.52,这是一种做那种着色的方式。,这是一种做那种着色的方式。
774,"00:39:21,520","00:39:25,440",2361.52,2365.44,"你可能会说：""嗯，我们为什么不等到它完成呢？","你可能会说：""嗯，我们为什么不等到它完成呢？"
775,"00:39:25,440","00:39:27,190",2365.44,2367.19,"你想那么做吗？""","你想那么做吗？"""
776,"00:39:27,190","00:39:29,283",2367.19,2369.283,"""不？""","""不？"""
777,"00:39:29,283","00:39:31,200",2369.283,2371.2,"""嗯，我们不会等到它完成，","""嗯，我们不会等到它完成，"
778,"00:39:31,200","00:39:33,990",2371.2,2373.99,因为太阳会爆炸，吞噬地球，,因为太阳会爆炸，吞噬地球，
779,"00:39:33,990","00:39:35,430",2373.99,2375.43,"然后这个程序才会完成。""","然后这个程序才会完成。"""
780,"00:39:35,430","00:39:36,960",2375.43,2376.96,[笑声],[笑声]
781,"00:39:36,960","00:39:41,520",2376.96,2381.52,但通过对程序工作方式的一个小调整——,但通过对程序工作方式的一个小调整——
782,"00:39:41,520","00:39:44,070",2381.52,2384.07,我告诉我的学生，你们将在接下来的 50,我告诉我的学生，你们将在接下来的 50
783,"00:39:44,070","00:39:45,660",2384.07,2385.66,分钟内理解——这就是你得到的。,分钟内理解——这就是你得到的。
784,"00:39:45,660","00:39:49,850",2385.66,2389.85,,
785,"00:39:49,850","00:39:50,630",2389.85,2390.63,是不是很酷？,是不是很酷？
786,"00:39:50,630","00:39:53,410",2390.63,2393.41,,
787,"00:39:53,410","00:39:55,160",2393.41,2395.16,你一定对这种东西感到惊讶，,你一定对这种东西感到惊讶，
788,"00:39:55,160","00:39:57,830",2395.16,2397.83,它把一段计算的耗时从比太阳系的寿命,它把一段计算的耗时从比太阳系的寿命
789,"00:39:57,830","00:40:00,920",2397.83,2400.92,还长变成短短几秒钟。,还长变成短短几秒钟。
790,"00:40:00,920","00:40:05,757",2400.92,2405.757,"所以这就是我所说的""提前给出承诺","所以这就是我所说的""提前给出承诺"
791,"00:40:05,757","00:40:07,340",2405.757,2407.34,并对你正在讲的内容,并对你正在讲的内容
792,"00:40:07,340","00:40:10,400",2407.34,2410.4,"表达热情""的意思。","表达热情""的意思。"
793,"00:40:10,400","00:40:12,080",2410.4,2412.08,嗯，这个小部分里的最后一项，,嗯，这个小部分里的最后一项，
794,"00:40:12,080","00:40:15,110",2412.08,2415.11,是关于人们认为他们在,是关于人们认为他们在
795,"00:40:15,110","00:40:16,640",2415.11,2416.64,MIT 所做的事情。,MIT 所做的事情。
796,"00:40:16,640","00:40:19,880",2416.64,2419.88,你问教员们最重要的目的是什么，,你问教员们最重要的目的是什么，
797,"00:40:19,880","00:40:23,480",2419.88,2423.48,"他们会说：""嗯，我做的最重要的事情","他们会说：""嗯，我做的最重要的事情"
798,"00:40:23,480","00:40:26,060",2423.48,2426.06,"是教人们如何思考。""","是教人们如何思考。"""
799,"00:40:26,060","00:40:29,090",2426.06,2429.09,"然后你说：""哦，太棒了。""","然后你说：""哦，太棒了。"""
800,"00:40:29,090","00:40:32,030",2429.09,2432.03,"""你如何教人们如何思考呢？""","""你如何教人们如何思考呢？"""
801,"00:40:32,030","00:40:32,730",2432.03,2432.73,Blank stare.,茫然凝视。
802,"00:40:32,730","00:40:35,250",2432.73,2435.25,,
803,"00:40:35,250","00:40:38,040",2435.25,2438.04,"No one can quite respond to that part,",没人能很好地回应那部分，
804,"00:40:38,040","00:40:40,693",2438.04,2440.693,that natural next question.,那个自然而然的下一个问题。
805,"00:40:40,693","00:40:42,360",2440.693,2442.36,So how do you teach people how to think?,那么怎么教人思考呢？
806,"00:40:42,360","00:40:48,840",2442.36,2448.84,"Well, I believe that we are storytelling animals.",我认为我们是会讲故事的动物。
807,"00:40:48,840","00:40:52,518",2448.84,2452.518,"And that we start developing our story,",我们从童年起就开始建构故事，
808,"00:40:52,518","00:40:54,060",2452.518,2454.06,understanding and manipulating skills,培养理解和运用能力，
809,"00:40:54,060","00:40:57,810",2454.06,2457.81,with fairy tales in childhood and continue on,从童话故事开始，并一路延续。
810,"00:40:57,810","00:41:02,490",2457.81,2462.49,"through professional schools like law, business, medicine,",进入法学院、商学院、医学院等
811,"00:41:02,490","00:41:03,870",2462.49,2463.87,everything.,各专业院校。
812,"00:41:03,870","00:41:06,690",2463.87,2466.69,And we continue doing that throughout life.,这种训练贯穿我们一生。
813,"00:41:06,690","00:41:09,870",2466.69,2469.87,So if that is what thinking is all about.,所以如果这正是思维的本质，
814,"00:41:09,870","00:41:11,730",2469.87,2471.73,"And we want to teach people how to think,",而我们想教人如何思考，
815,"00:41:11,730","00:41:14,490",2471.73,2474.49,"you provide them with the stories they need to know,",你就给他们需要知道的故事，
816,"00:41:14,490","00:41:17,070",2474.49,2477.07,"the questions they need to ask about those stories,",需要围绕这些故事提出的问题，
817,"00:41:17,070","00:41:19,350",2477.07,2479.35,"mechanisms for analyzing those stories,",分析故事的机制，
818,"00:41:19,350","00:41:20,890",2479.35,2480.89,"ways of putting stories together,",把故事串联起来的方法，
819,"00:41:20,890","00:41:24,760",2480.89,2484.76,ways of evaluating how reliable a story is.,以及评估故事可靠性的方法。
820,"00:41:24,760","00:41:28,080",2484.76,2488.08,And that's what I think you need to do when you teach people,这就是我认为教人
821,"00:41:28,080","00:41:29,770",2488.08,2489.77,how to think.,如何思考时该做的。
822,"00:41:29,770","00:41:31,920",2489.77,2491.92,But that's all about education.,但那都属于教育范畴。
823,"00:41:31,920","00:41:35,790",2491.92,2495.79,And many of you here are not necessarily,而在座许多人
824,"00:41:35,790","00:41:39,870",2495.79,2499.87,"for that, but rather for this part,",并非为此而来，而是为了这部分——
825,"00:41:39,870","00:41:43,410",2499.87,2503.41,"for persuading, which breaks down into several categories,",即「说服」，它可分为几类，
826,"00:41:43,410","00:41:48,210",2503.41,2508.21,"oral exams, not shown, shop talks, getting famous.",口试（未列出）、学术报告、出名。
827,"00:41:48,210","00:41:51,720",2508.21,2511.72,I won't say much about oral exams other than the fact,关于口试我只想说一点，
828,"00:41:51,720","00:41:54,930",2511.72,2514.93,that they used to be a lot scarier than they are today.,它们过去比现在可怕得多。
829,"00:41:54,930","00:41:59,280",2514.93,2519.28,"In the old days, reading the literature",过去，阅读外文文献
830,"00:41:59,280","00:42:01,410",2519.28,2521.41,in a foreign language was a part of that.,是口试的一部分。
831,"00:42:01,410","00:42:04,350",2521.41,2524.35,And there was a high failure rate.,不通过率很高。
832,"00:42:04,350","00:42:08,790",2524.35,2528.79,"And when you look back on those failures,",回头看那些失败案例，
833,"00:42:08,790","00:42:12,540",2528.79,2532.54,the most usual reason for people failing an oral exam,口试失败最常见的原因
834,"00:42:12,540","00:42:17,460",2532.54,2537.46,is failure to situate and a failure to practice.,是不会「定位」和不会练习。
835,"00:42:17,460","00:42:20,430",2537.46,2540.43,"By situate, I mean, it's important to talk",「定位」是指，谈论你的研究
836,"00:42:20,430","00:42:22,680",2540.43,2542.68,about your research in context.,时需要放在具体语境中。
837,"00:42:22,680","00:42:25,530",2542.68,2545.53,This is a problem that's being pursued all over the world.,这是一个全球都在研究的问题。
838,"00:42:25,530","00:42:30,450",2545.53,2550.45,There hasn't been any progress before me in the past 30 years.,在我之前，过去30年都没有进展。
839,"00:42:30,450","00:42:32,160",2550.45,2552.16,Everyone is looking for a solution,大家都在寻找解决方案，
840,"00:42:32,160","00:42:33,840",2552.16,2553.84,because it will have impact on so,因为它会影响到
841,"00:42:33,840","00:42:37,380",2553.84,2557.38,"many other things, such situating and time and place",许多其他方面，比如定位、时间与地点
842,"00:42:37,380","00:42:38,860",2557.38,2558.86,and feel.,以及感觉。
843,"00:42:38,860","00:42:41,970",2558.86,2561.97,"And then as far as practice is concerned, yes,",至于练习，确实很重要。
844,"00:42:41,970","00:42:43,530",2561.97,2563.53,practice is important.,练习确实重要。
845,"00:42:43,530","00:42:48,090",2563.53,2568.09,But that doesn't mean showing your slides to the people,但那不意味着把幻灯片给
846,"00:42:48,090","00:42:50,370",2568.09,2570.37,you share an with.,你同办公室的同事看。
847,"00:42:50,370","00:42:54,023",2570.37,2574.023,"The problem with that is that if people know what you're doing,",这样做的问题在于，如果他们知道你在做什么，
848,"00:42:54,023","00:42:55,440",2574.023,2575.44,they will hallucinate that there's,他们就会臆想你的报告里
849,"00:42:55,440","00:42:57,480",2575.44,2577.48,material in your presentation that isn't there,存在并不存在的内容，
850,"00:42:57,480","00:42:59,748",2577.48,2579.748,if it isn't there.,即使它并不存在。
851,"00:42:59,748","00:43:01,290",2579.748,2581.29,"A variation on the scene, by the way,",顺便说一下另一种情况，
852,"00:43:01,290","00:43:06,330",2581.29,2586.33,is your faculty supervisor is not a very good person,是你的导师其实并不是合适人选
853,"00:43:06,330","00:43:09,300",2586.33,2589.3,"to help you debug a talk because they, in fact, know",来帮你调试报告，因为他们其实知道
854,"00:43:09,300","00:43:10,200",2589.3,2590.2,what you're doing.,你在做什么。
855,"00:43:10,200","00:43:11,940",2590.2,2591.94,"And they will, in fact, hallucinate",他们同样会臆想
856,"00:43:11,940","00:43:14,818",2591.94,2594.818,there's material in your presentation that isn't there.,你的报告里存在并不存在的内容。
857,"00:43:14,818","00:43:16,860",2594.818,2596.86,So you need to get together with some friends who,所以你需要找一些
858,"00:43:16,860","00:43:20,180",2596.86,2600.18,don't know what you're doing and have them--,不了解你工作的朋友，让他们——
859,"00:43:20,180","00:43:23,760",2600.18,2603.76,"well, you start the practice session by saying,",嗯，在练习开始时你先说：
860,"00:43:23,760","00:43:27,330",2603.76,2607.33,"if you can't make me cry, I won't value as a friend",如果你不能把我感动到哭，
861,"00:43:27,330","00:43:27,840",2607.33,2607.84,anymore.,我就不再把你当朋友。
862,"00:43:27,840","00:43:28,980",2607.84,2608.98,[LAUGHTER],[笑声]
863,"00:43:28,980","00:43:33,600",2608.98,2613.6,"And then when you get to the faculty on a oral exam,",等你站到导师面前进行口试时，
864,"00:43:33,600","00:43:35,350",2613.6,2615.35,it will be easy.,一切就轻松了。
865,"00:43:35,350","00:43:39,000",2615.35,2619.0,"You see, difficulty-- the amount of flak",你看，难度——你将遭遇的
866,"00:43:39,000","00:43:41,990",2619.0,2621.99,you'll get from somebody is proportional to age.,挑战强度与年龄成正比。
867,"00:43:41,990","00:43:45,390",2621.99,2625.39,"The older somebody is, the more they",人年纪越大，
868,"00:43:45,390","00:43:47,160",2625.39,2627.16,understand where they are in the world.,越懂得自己在这世界的位置。
869,"00:43:47,160","00:43:49,470",2627.16,2629.47,But the young people are trying to show the old people,但年轻人总想向年长者
870,"00:43:49,470","00:43:52,122",2629.47,2632.122,"how smart they are, so it's subtly vicious.",展示自己多么聪明，暗中较劲。
871,"00:43:52,122","00:43:53,580",2632.122,2633.58,So whenever you have an opportunity,所以每当有机会
872,"00:43:53,580","00:43:55,140",2633.58,2635.14,to have an examining committee that's,让评审委员会里
873,"00:43:55,140","00:43:59,490",2635.14,2639.49,"full of people with gray hair, that's what you want.",全是满头银发的长者，那正是你想要的。
874,"00:43:59,490","00:44:01,500",2639.49,2641.5,"Well, that's just a word or two about something",好吧，关于这点我只说这一两句，
875,"00:44:01,500","00:44:02,460",2641.5,2642.46,I haven't listed here.,这点我还没列在这里。
876,"00:44:02,460","00:44:05,610",2642.46,2645.61,Let's get into the subject of job talks.,现在我们进入求职演讲的话题。
877,"00:44:05,610","00:44:14,230",2645.61,2654.23,So I was sitting in a bar many years ago in San Diego.,很多年前，我坐在圣地亚哥的一家酒吧里。
878,"00:44:14,230","00:44:16,680",2654.23,2656.68,"I was a member of the Navy Science Board,",我是海军科学委员会的成员，
879,"00:44:16,680","00:44:21,420",2656.68,2661.42,and I was sitting with a couple of my colleagues on the board,当时和委员会的两位同事坐在一起。
880,"00:44:21,420","00:44:24,910",2661.42,2664.91,Delores Etter from the University of Colorado.,一位是科罗拉多大学的 Delores Etter。
881,"00:44:24,910","00:44:27,960",2664.91,2667.96,She made me so jealous I could spit because she'd written 21,她让我嫉妒得牙痒，因为她已写了 21 本书，
882,"00:44:27,960","00:44:30,660",2667.96,2670.66,"books, and I'd only written 17.",而我只写了 17 本。
883,"00:44:30,660","00:44:35,130",2670.66,2675.13,And then the other one was Bill Weldon,另一位是 Bill Weldon，
884,"00:44:35,130","00:44:38,230",2675.13,2678.23,from the University of Texas.,来自德克萨斯大学。
885,"00:44:38,230","00:44:41,280",2678.23,2681.28,"He was an electromagnetism guy, and he",他专攻电磁学，
886,"00:44:41,280","00:44:45,030",2681.28,2685.03,knew how to use rail guns to drive steel rods through tank,懂得如何用轨道炮把钢棒
887,"00:44:45,030","00:44:45,660",2685.03,2685.66,armor.,射穿坦克装甲。
888,"00:44:45,660","00:44:47,590",2685.66,2687.59,These were interesting people.,这些人都很有意思。
889,"00:44:47,590","00:44:53,880",2687.59,2693.88,"So I said, what do you look for in a faculty candidate?",我便问，你们看重求职者的什么？
890,"00:44:53,880","00:44:58,000",2693.88,2698.0,"And within one microsecond, Delores",话音刚落，Delores
891,"00:44:58,000","00:45:00,270",2698.0,2700.27,"said, they have to show us they've",立刻答道，他们必须让我们看到
892,"00:45:00,270","00:45:05,940",2700.27,2705.94,"got some kind of vision, quickly followed by Bill who said,",他们具有某种远见。Bill 紧跟着说：
893,"00:45:05,940","00:45:08,063",2705.94,2708.063,they have to show us that they've done something.,他们必须让我们看到他们做出了成果。
894,"00:45:08,063","00:45:15,160",2708.063,2715.16,,
895,"00:45:15,160","00:45:18,550",2715.16,2718.55,"Oh, that sounds good, I said.",「嗯，说得好。」我说。
896,"00:45:18,550","00:45:20,560",2718.55,2720.56,"And then I said to them, how long",然后我问他们，
897,"00:45:20,560","00:45:24,640",2720.56,2724.64,does a candidate have to establish these two things?,求职者需要多久建立这两点？
898,"00:45:24,640","00:45:26,850",2724.64,2726.85,What do you think?,你觉得呢？
899,"00:45:26,850","00:45:28,510",2726.85,2728.51,"Well, compare your answer to theirs.",好，把你的答案跟他们比一比。
900,"00:45:28,510","00:45:33,970",2728.51,2733.97,,
901,"00:45:33,970","00:45:36,803",2733.97,2736.803,Five minutes.,五分钟。
902,"00:45:36,803","00:45:38,470",2736.803,2738.47,"So if you haven't expressed your vision,",所以如果你还没表达你的愿景，
903,"00:45:38,470","00:45:42,850",2738.47,2742.85,if you haven't told people that you've done something in five,还没在五分钟内告诉别人你做了什么，
904,"00:45:42,850","00:45:45,880",2742.85,2745.88,"minutes, you've already lost.",那你就输了。
905,"00:45:45,880","00:45:47,630",2745.88,2747.63,So you have to be able to do that.,所以你必须能完成这件事。
906,"00:45:47,630","00:45:51,250",2747.63,2751.25,And let me just mention a couple of things in that connection.,关于这一点，我想再提几件事。
907,"00:45:51,250","00:45:54,190",2751.25,2754.19,"Here, the vision is in part, a problem",在这里，愿景一部分是某个问题——
908,"00:45:54,190","00:46:00,340",2754.19,2760.34,that somebody cares about and something new in your approach.,有人关心的问题，以及你方法中的新意。
909,"00:46:00,340","00:46:06,350",2760.34,2766.35,,
910,"00:46:06,350","00:46:08,560",2766.35,2768.56,So the problem is understanding the nature,所以这个问题是理解
911,"00:46:08,560","00:46:10,480",2768.56,2770.48,of human intelligence.,人类智能的本质。
912,"00:46:10,480","00:46:12,640",2770.48,2772.64,And the approach is asking questions,而方法是提出这样的问题：
913,"00:46:12,640","00:46:16,510",2772.64,2776.51,about what makes us different from chimpanzees,是什么让我们与黑猩猩
914,"00:46:16,510","00:46:18,130",2776.51,2778.13,and Neanderthals.,和尼安德特人不同。
915,"00:46:18,130","00:46:19,720",2778.13,2779.72,"Is it merely a matter of quantity,",这只是数量上的差别吗，
916,"00:46:19,720","00:46:23,320",2779.72,2783.32,or we're just a little bit smarter in some continuous way?,还是我们在某个连续维度上聪明了一点点？
917,"00:46:23,320","00:46:26,490",2783.32,2786.49,Or do we have something that's fundamentally different,或者我们拥有某种本质不同的东西——
918,"00:46:26,490","00:46:30,550",2786.49,2790.55,that chimpanzees don't have and Neanderthals either?,黑猩猩没有，尼安德特人也没有？
919,"00:46:30,550","00:46:34,630",2790.55,2794.63,"And the answer is yes, we do have something different.",答案是肯定的，我们确实拥有不同的东西。
920,"00:46:34,630","00:46:36,900",2794.63,2796.9,We are symbolic creatures.,我们是使用符号的生物。
921,"00:46:36,900","00:46:39,550",2796.9,2799.55,"And because we're symbolic creatures,",因为我们是使用符号的生物，
922,"00:46:39,550","00:46:44,560",2799.55,2804.56,we can build symbolic descriptions,我们能够构建符号化的描述，
923,"00:46:44,560","00:46:46,330",2804.56,2806.33,of relations and events.,来描述关系与事件。
924,"00:46:46,330","00:46:48,835",2806.33,2808.835,We can string them together and make stories.,我们能把它们串联起来，构成故事。
925,"00:46:48,835","00:46:51,760",2808.835,2811.76,"And because we can make stories, that's what makes us different.",也因为我们会讲故事，这就是我们的不同之处。
926,"00:46:51,760","00:46:54,190",2811.76,2814.19,So that's my stump speech.,这就是我的开场套话。
927,"00:46:54,190","00:46:56,560",2814.19,2816.56,That's how I start most of my talks,这是我在大多数关于
928,"00:46:56,560","00:46:59,260",2816.56,2819.26,on my own personal research.,我个人研究的演讲中的开场。
929,"00:46:59,260","00:47:04,990",2819.26,2824.99,How do you express the notion that you've done something?,你如何表达你确实做出了成果？
930,"00:47:04,990","00:47:10,240",2824.99,2830.24,By listing the steps that need to be taken in order to achieve,通过列出为实现这一目标
931,"00:47:10,240","00:47:12,602",2830.24,2832.602,the solution to that problem.,需要采取的步骤。
932,"00:47:12,602","00:47:14,560",2832.602,2834.56,You don't have to have done all of those steps.,你不必已经完成所有这些步骤。
933,"00:47:14,560","00:47:18,370",2834.56,2838.37,But you can say here's what needs to be done.,但你可以说：这是需要做的事。
934,"00:47:18,370","00:47:20,660",2838.37,2840.66,"An example, here's what needs to be done.",举个例子，这些事需要做。
935,"00:47:20,660","00:47:23,260",2840.66,2843.26,We need to specify some behavior.,我们需要规定某些行为。
936,"00:47:23,260","00:47:25,840",2843.26,2845.84,We need to enumerate the constraints that,我们需要列举那些
937,"00:47:25,840","00:47:28,690",2845.84,2848.69,make it possible to deal with that behavior.,让处理这些行为成为可能的约束。
938,"00:47:28,690","00:47:31,030",2848.69,2851.03,"We have to implement a system because we're engineers,",我们必须实现一个系统，因为我们是工程师，
939,"00:47:31,030","00:47:33,190",2851.03,2853.19,and we don't think that we've understood something,我们不认为我们理解了某件事，
940,"00:47:33,190","00:47:35,333",2853.19,2855.333,unless we can build it.,除非我们能把它造出来。
941,"00:47:35,333","00:47:37,000",2855.333,2857.0,"And we've built such a system, and we're",我们已经造出了这样的一个系统，
942,"00:47:37,000","00:47:38,542",2857.0,2858.542,about to demonstrate it to you today.,今天稍后就会演示给你看。
943,"00:47:38,542","00:47:42,040",2858.542,2862.04,That would be an example of enumerating a series of steps,这便是列举实现愿景
944,"00:47:42,040","00:47:45,290",2862.04,2865.29,needed to realize the vision.,所需步骤的一个范例。
945,"00:47:45,290","00:47:49,280",2865.29,2869.28,"So then blah, blah, blah, blah, blah, blah, blah, blah.",然后呢，吧啦吧啦吧啦吧啦吧啦。
946,"00:47:49,280","00:47:51,250",2869.28,2871.25,And then you conclude by--,然后你以——
947,"00:47:51,250","00:47:54,550",2871.25,2874.55,you conclude by enumerating your contributions.,以列举你的贡献作为收尾。
948,"00:47:54,550","00:48:01,110",2874.55,2881.11,,
949,"00:48:01,110","00:48:03,930",2881.11,2883.93,It's kind of mirror of these steps.,它与前面的步骤互为镜像。
950,"00:48:03,930","00:48:06,610",2883.93,2886.61,And it helps to establish that you've done something.,这有助于确立你确实做出了成果。
951,"00:48:06,610","00:48:08,730",2886.61,2888.73,So that's a kind of general purpose framework,这就是一个通用框架，
952,"00:48:08,730","00:48:12,180",2888.73,2892.18,for doing a technical talk.,用来做一场技术演讲。
953,"00:48:12,180","00:48:16,930",2892.18,2896.93,"Now, only a few more things left to do today.",今天剩下的内容只剩几件事。
954,"00:48:16,930","00:48:19,360",2896.93,2899.36,Getting famous is the next item on our agenda,议程上的下一项是——出名。
955,"00:48:19,360","00:48:20,920",2899.36,2900.92,"because once you've got the job, you",因为一旦你拿到职位，
956,"00:48:20,920","00:48:22,420",2900.92,2902.42,need to think a little bit about how,你就得稍微想想
957,"00:48:22,420","00:48:25,790",2902.42,2905.79,you're going to be recognized for what you do.,如何让你的工作被人认可。
958,"00:48:25,790","00:48:38,140",2905.79,2918.14,"So oh, first of all, why should you care about getting famous?",那么，先问一句，你为什么要在意出名？
959,"00:48:38,140","00:48:40,360",2918.14,2920.36,I thought about this in connection,我想起一件与此事有关的事，
960,"00:48:40,360","00:48:44,920",2920.36,2924.92,with a fundraising event I attended,那是我参加的一场募捐活动，
961,"00:48:44,920","00:48:49,920",2924.92,2929.92,"once, a fundraising event for raising money",一场为募集善款而办的募捐会——
962,"00:48:49,920","00:48:52,680",2929.92,2932.68,to save Venice from going under water and having all of its art,为了拯救威尼斯免于沉入水下，
963,"00:48:52,680","00:48:53,820",2932.68,2933.82,destroyed.,让它所有的艺术品毁于一旦。
964,"00:48:53,820","00:49:00,210",2933.82,2940.21,"Anyway, I was sitting here, and JC was sitting here.",总之，我坐在这里，茱莉亚坐在那里。
965,"00:49:00,210","00:49:03,210",2940.21,2943.21,"That was Julia, the late Julia Child.",那就是茱莉亚，已故的茱莉亚·查尔德。
966,"00:49:03,210","00:49:08,190",2943.21,2948.19,,
967,"00:49:08,190","00:49:10,950",2948.19,2950.95,"And as the evening wore on, more and more people",夜渐深，越来越多的人
968,"00:49:10,950","00:49:14,760",2950.95,2954.76,would come up and ask Julia to autograph something,走上前请茱莉亚签名，
969,"00:49:14,760","00:49:19,590",2954.76,2959.59,or express a feeling that she had changed their life.,或者表达她改变了他们人生的感触。
970,"00:49:19,590","00:49:23,380",2959.59,2963.38,And it just happened over and over again.,这样的情形反复出现。
971,"00:49:23,380","00:49:27,810",2963.38,2967.81,"So eventually, I turned to Julia, and I said, Ms. Child,",于是我终于转向茱莉亚，问：查尔德女士，
972,"00:49:27,810","00:49:30,157",2967.81,2970.157,is it fun to be famous?,出名有意思吗？
973,"00:49:30,157","00:49:31,740",2970.157,2971.74,And she thought about it for a second.,她想了想。
974,"00:49:31,740","00:49:34,752",2971.74,2974.752,"And she said, you get used to it.",她说，你会习惯的。
975,"00:49:34,752","00:49:35,900",2974.752,2975.9,[LAUGHTER],【笑声】
976,"00:49:35,900","00:49:38,070",2975.9,2978.07,But you know what occured to me?,但你知道我后来想到了什么？
977,"00:49:38,070","00:49:41,590",2978.07,2981.59,You never get used to being ignored.,你永远无法习惯被忽视。
978,"00:49:41,590","00:49:45,240",2981.59,2985.24,So it's-- here's a way to think about it.,所以——可以这样想。
979,"00:49:45,240","00:49:47,100",2985.24,2987.1,Your ideas are like your children.,你的想法就像你的孩子。
980,"00:49:47,100","00:49:50,370",2987.1,2990.37,And you don't want them to go into the world in rags.,你不会愿意让他们衣衫褴褛地走入世界。
981,"00:49:50,370","00:49:51,870",2990.37,2991.87,So what you want to do is to be sure,所以你想要做的是确保
982,"00:49:51,870","00:49:55,390",2991.87,2995.39,"that you have these techniques, these mechanisms,",你掌握这些技巧、这些方法，
983,"00:49:55,390","00:49:58,470",2995.39,2998.47,these thoughts about how to present ideas that you have so,知道如何呈现你的想法，
984,"00:49:58,470","00:50:02,280",2998.47,3002.28,that they're recognized for the value that is in them.,好让它们因其中的价值而被认可。
985,"00:50:02,280","00:50:05,370",3002.28,3005.37,So that's why it's a legitimate thing to concern yourself,这就是为什么讲究包装
986,"00:50:05,370","00:50:08,010",3005.37,3008.01,with packaging.,是一件理所应当的事。
987,"00:50:08,010","00:50:11,070",3008.01,3011.07,"Now, how do you get remembered?",那么，怎样才能让人记住你？
988,"00:50:11,070","00:50:14,720",3011.07,3014.72,"Well, there's something I like to call Winston's star.",我有个喜欢称之为「温斯顿之星」的东西。
989,"00:50:14,720","00:50:20,130",3014.72,3020.13,And every one of the items I'm about to articulate starts,接下来我要讲的每一项
990,"00:50:20,130","00:50:24,510",3020.13,3024.51,with an S. So if you want your presentation ideas,都以 S 开头。所以，如果你想让你的演示
991,"00:50:24,510","00:50:27,240",3024.51,3027.24,"to be remembered, one of the things you need to do",中的想法被人记住，你需要做的
992,"00:50:27,240","00:50:32,820",3027.24,3032.82,is to make sure that you have some kind of symbol associated,一件事是：确保你的工作配有一个
993,"00:50:32,820","00:50:34,590",3032.82,3034.59,with your work.,对应的标志。
994,"00:50:34,590","00:50:37,980",3034.59,3037.98,So this arch example is actually from my PhD thesis,这个拱门的例子其实来自我的博士论文，
995,"00:50:37,980","00:50:39,780",3037.98,3039.78,"many, many years ago.",那是很多很多年前的事了。
996,"00:50:39,780","00:50:45,000",3039.78,3045.0,"And in the course of my work at that time,",在我当时的研究过程中，
997,"00:50:45,000","00:50:47,820",3045.0,3047.82,"this work on arch learning became mildly famous,",这项关于拱门学习的工作小有名气，
998,"00:50:47,820","00:50:49,770",3047.82,3049.77,and I didn't know why.,我却不知道为什么。
999,"00:50:49,770","00:50:51,630",3049.77,3051.63,It was only many years later that I realized,直到多年后我才意识到，
1000,"00:50:51,630","00:50:54,660",3051.63,3054.66,that that work accidentally had all of the elements,那项工作碰巧具备了所有要素。
1001,"00:50:54,660","00:50:56,220",3054.66,3056.22,on this star.,在这颗星上。
1002,"00:50:56,220","00:50:59,910",3056.22,3059.91,So the first element is that there was a kind of symbol.,所以第一个元素就是：它有某种符号。
1003,"00:50:59,910","00:51:00,900",3059.91,3060.9,It's the arch itself.,那就是拱门本身。
1004,"00:51:00,900","00:51:05,510",3060.9,3065.51,,
1005,"00:51:05,510","00:51:10,480",3065.51,3070.48,"Next thing you need is some kind of slogan,",接下来你需要的是某种口号，
1006,"00:51:10,480","00:51:13,740",3070.48,3073.74,a kind of phrase that provides a handle on the work.,一个能让人把握住这项工作的短语。
1007,"00:51:13,740","00:51:17,160",3073.74,3077.16,"And in this case, the phrase was one shot learning.",在这里，那个短语就是 one shot learning。
1008,"00:51:17,160","00:51:20,120",3077.16,3080.12,,
1009,"00:51:20,120","00:51:23,340",3080.12,3083.34,And it was one shot because the program I wrote,之所以是“one shot”，是因为我写的程序
1010,"00:51:23,340","00:51:27,030",3083.34,3087.03,learned something definite from every example that,从每一个呈现给它的例子里
1011,"00:51:27,030","00:51:28,860",3087.03,3088.86,was presented to us.,都学到了某些确定的东西。
1012,"00:51:28,860","00:51:32,970",3088.86,3092.97,So in going from a model based on this configuration,所以当从一个基于这个构型的模型
1013,"00:51:32,970","00:51:35,940",3092.97,3095.94,"to something that isn't an arch base on that configuration,",转向一个不是那种构型拱门的东西时，
1014,"00:51:35,940","00:51:38,640",3095.94,3098.64,"the program learned that it has to be on top,",程序学到的是：它必须在顶上，
1015,"00:51:38,640","00:51:41,490",3098.64,3101.49,one shot learning.,这就是“one shot learning”。
1016,"00:51:41,490","00:51:45,210",3101.49,3105.21,"So that's a symbol, slogan.",所以这就是符号和口号。
1017,"00:51:45,210","00:51:46,575",3105.21,3106.575,And now we need a surprise.,现在我们需要一个惊喜。
1018,"00:51:46,575","00:51:51,330",3106.575,3111.33,,
1019,"00:51:51,330","00:51:54,290",3111.33,3114.29,"Yeah, the surprise is you don't need a million examples",没错，惊喜就在于：你不需要一百万个例子
1020,"00:51:54,290","00:51:55,910",3114.29,3115.91,of something to learn.,才能学会某件事。
1021,"00:51:55,910","00:51:58,010",3115.91,3118.01,You can do it with one example if you're,只要一个例子就够了——如果你足够聪明，
1022,"00:51:58,010","00:52:02,180",3118.01,3122.18,smart enough to make use of that example appropriately.,能够恰当地利用那个例子的话。
1023,"00:52:02,180","00:52:03,230",3122.18,3123.23,So that was the surprise.,这就是那个惊喜。
1024,"00:52:03,230","00:52:07,160",3123.23,3127.16,You can learn something definite from each example.,你可以从每一个例子里学到确定的东西。
1025,"00:52:07,160","00:52:08,840",3127.16,3128.84,Next item was a salient idea.,接下来是一项“突出的想法”。
1026,"00:52:08,840","00:52:13,280",3128.84,3133.28,,
1027,"00:52:13,280","00:52:16,785",3133.28,3136.785,"Now, when I say salient idea, I don't mean important.",现在，我所说的“突出的想法”，不是指重要。
1028,"00:52:16,785","00:52:18,410",3136.785,3138.41,What I mean is an idea that sticks out.,我指的是一个能“跳出来”的想法。
1029,"00:52:18,410","00:52:21,260",3138.41,3141.26,,
1030,"00:52:21,260","00:52:24,080",3141.26,3144.08,"Some theses, funnily enough, have too many good ideas,",有趣的是，有些论文反而有太多好点子，
1031,"00:52:24,080","00:52:27,110",3144.08,3147.11,and you don't know what it's all about because which one is it?,你反而搞不清楚它到底是讲什么的——到底哪一个？
1032,"00:52:27,110","00:52:29,290",3147.11,3149.29,So you need an idea that sticks out.,所以你需要一个能跳出来的想法。
1033,"00:52:29,290","00:52:33,890",3149.29,3153.89,And the idea that stuck out here was the notion of a near miss.,而这里跳出来的想法，就是“near miss”这个概念。
1034,"00:52:33,890","00:52:39,280",3153.89,3159.28,,
1035,"00:52:39,280","00:52:43,650",3159.28,3163.65,"You see, this is not an arch, but it doesn't miss by much.",你看，这虽然不是拱门，但也差得不多。
1036,"00:52:43,650","00:52:45,490",3163.65,3165.49,So it's a near miss.,所以这就是“near miss”。
1037,"00:52:45,490","00:52:50,920",3165.49,3170.92,"And finally, you need to tell the story",最后，你需要把故事讲出来——
1038,"00:52:50,920","00:52:56,160",3170.92,3176.16,"of how you did it, how it works, why it's important.",你是怎么做的，它为什么能 work，为什么重要。
1039,"00:52:56,160","00:53:01,720",3176.16,3181.72,"So that's a bit on how to not so much get famous,",所以这就是一点关于“怎样不那么出名”，
1040,"00:53:01,720","00:53:06,240",3181.72,3186.24,but how to ensure that your work is recognized.,而是怎样确保你的工作得到认可。
1041,"00:53:06,240","00:53:08,890",3186.24,3188.89,"Well, we're almost finished because now we're",好，我们差不多讲完了，因为现在我们
1042,"00:53:08,890","00:53:13,470",3188.89,3193.47,"down to this last item, which is how to stop.",来到了最后一项：怎么停。
1043,"00:53:13,470","00:53:14,998",3193.47,3194.998,"And when we come to that, there's",讲到那里时，会涉及一个问题：
1044,"00:53:14,998","00:53:17,290",3194.998,3197.29,"a question of all right, well, what is the final slide?",那好，最后一张幻灯片放什么？
1045,"00:53:17,290","00:53:22,412",3197.29,3202.412,,
1046,"00:53:22,412","00:53:23,620",3202.412,3203.62,And what are the final words?,最后的结束语又要说什么？
1047,"00:53:23,620","00:53:30,610",3203.62,3210.61,,
1048,"00:53:30,610","00:53:32,830",3210.61,3212.83,"So for the final slide, let me give you",所以关于最后一张幻灯片，让我给你们看几个
1049,"00:53:32,830","00:53:34,750",3212.83,3214.75,some examples of possibilities.,可能的例子。
1050,"00:53:34,750","00:53:37,588",3214.75,3217.588,,
1051,"00:53:37,588","00:53:38,380",3217.588,3218.38,How about this one?,这张怎么样？
1052,"00:53:38,380","00:53:42,150",3218.38,3222.15,,
1053,"00:53:42,150","00:53:50,610",3222.15,3230.61,"Well, you might see that slide and think to yourself,",你看到这张幻灯片，可能心里会想：
1054,"00:53:50,610","00:53:53,730",3230.61,3233.73,"there are 1,000 faculty at MIT.",MIT 有一千位教职员工。
1055,"00:53:53,730","00:53:55,770",3233.73,3235.77,"Nice piece of work, but not so much,",这工作不错，但也就那样——
1056,"00:53:55,770","00:54:01,050",3235.77,3241.05,"but it's only a tiny piece of work if you divide by 1,000.",被一千一分，也就只是非常小的一小份了。
1057,"00:54:01,050","00:54:03,810",3241.05,3243.81,So when you show a whole gigantic list of collaborators,所以当你在演讲末尾列出一长串合作者时，
1058,"00:54:03,810","00:54:07,380",3243.81,3247.38,"at the end of a talk, it's a kind of let down",这其实有点让人泄气——
1059,"00:54:07,380","00:54:09,150",3247.38,3249.15,because it suggests that nobody knows.,因为它暗示着：没人知道你真正做了什么。
1060,"00:54:09,150","00:54:12,650",3249.15,3252.65,"Well, did you do anything significant?",你到底做没做出什么重要的东西？
1061,"00:54:12,650","00:54:15,180",3252.65,3255.18,"Now, you've got to recognize your collaborators, right?",当然，你得感谢你的合作者，对吧？
1062,"00:54:15,180","00:54:16,970",3255.18,3256.97,So where do you do that?,那要放在哪儿？
1063,"00:54:16,970","00:54:19,877",3256.97,3259.877,"Not on the last slide, on the first slide.",不是放在最后一张，而是放在第一张。
1064,"00:54:19,877","00:54:21,210",3259.877,3261.21,All this was on the first slide.,所有这些信息都在第一张上。
1065,"00:54:21,210","00:54:23,263",3261.21,3263.263,"These are the collaborators, so you don't",这些人就是合作者，所以你不该
1066,"00:54:23,263","00:54:24,430",3263.263,3264.43,want to put them at the end.,把他们放在最后。
1067,"00:54:24,430","00:54:25,805",3264.43,3265.805,You don't want a slide like this.,你不想要这样的幻灯片。
1068,"00:54:25,805","00:54:28,290",3265.805,3268.29,,
1069,"00:54:28,290","00:54:31,060",3268.29,3271.06,How about this one?,那这张呢？
1070,"00:54:31,060","00:54:33,050",3271.06,3273.05,This is the worst possible way to end a talk.,这是结束一场演讲最糟糕的方式。
1071,"00:54:33,050","00:54:34,700",3273.05,3274.7,[LAUGHTER],[笑声]
1072,"00:54:34,700","00:54:39,410",3274.7,3279.41,Because this slide can be up there for 20 minutes.,因为这张幻灯片可以挂在上面长达 20 分钟。
1073,"00:54:39,410","00:54:40,660",3279.41,3280.66,I've seen it happen.,我亲眼见过。
1074,"00:54:40,660","00:54:43,820",3280.66,3283.82,It squanders real estate.,这是在浪费版面。
1075,"00:54:43,820","00:54:47,420",3283.82,3287.42,It squanders an opportunity to tell people who you are.,它浪费了一次让人知道你“是谁”的机会。
1076,"00:54:47,420","00:54:48,200",3287.42,3288.2,It's just--,它只是——
1077,"00:54:48,200","00:54:51,777",3288.2,3291.777,,
1078,"00:54:51,777","00:54:52,610",3291.777,3292.61,What about this one?,那这张呢？
1079,"00:54:52,610","00:54:56,780",3292.61,3296.78,,
1080,"00:54:56,780","00:54:57,800",3296.78,3297.8,I often see it.,我经常看到这种。
1081,"00:54:57,800","00:55:01,300",3297.8,3301.3,I never see anybody write it down.,但从来没见过有人把它记下来。
1082,"00:55:01,300","00:55:03,991",3301.3,3303.991,"Also, it wastes opportunity.",而且，它也在浪费机会。
1083,"00:55:03,991","00:55:06,580",3303.991,3306.58,,
1084,"00:55:06,580","00:55:11,440",3306.58,3311.44,"Oh my God, even worse.",天哪，更糟糕。
1085,"00:55:11,440","00:55:14,970",3311.44,3314.97,,
1086,"00:55:14,970","00:55:18,180",3314.97,3318.18,All of these lines do nothing for you.,这些条目对你一点帮助都没有。
1087,"00:55:18,180","00:55:21,840",3318.18,3321.84,They waste an opportunity for you to tell people--,它们浪费了一次让你告诉别人——
1088,"00:55:21,840","00:55:23,730",3321.84,3323.73,to leave people with what you--,让听众记住你的——
1089,"00:55:23,730","00:55:26,360",3323.73,3326.36,with who you are.,记住你是谁的机会。
1090,"00:55:26,360","00:55:29,000",3326.36,3329.0,"Well, what about this?",那这张怎么样？
1091,"00:55:29,000","00:55:31,450",3329.0,3331.45,Is this a good one?,这张算好的吗？
1092,"00:55:31,450","00:55:34,660",3331.45,3334.66,"It might seem so at first, but here's the problem.",乍看之下好像不错，但问题在这里。
1093,"00:55:34,660","00:55:38,340",3334.66,3338.34,,
1094,"00:55:38,340","00:55:41,040",3338.34,3341.04,"If you say these are my conclusions,",如果你说“以下是我的结论”，
1095,"00:55:41,040","00:55:42,960",3341.04,3342.96,these are perfectly legitimate conclusions,这些结论本身完全合情合理，
1096,"00:55:42,960","00:55:44,910",3342.96,3344.91,that nobody cares about.,但没人在乎。
1097,"00:55:44,910","00:55:47,557",3344.91,3347.557,What they care about is what you have done.,他们在乎的是你做了什么。
1098,"00:55:47,557","00:55:49,140",3347.557,3349.14,And that's why your final slide should,所以你的最后一张幻灯片应该
1099,"00:55:49,140","00:55:53,460",3349.14,3353.46,"have this label, contributions.",用“贡献”这个标题。
1100,"00:55:53,460","00:55:56,510",3353.46,3356.51,It's a mirror of what I said over there about how job talks,这和我之前讲的、关于求职演讲（job talks）
1101,"00:55:56,510","00:55:57,830",3356.51,3357.83,ought to be like a sandwich.,应该像三明治一样。
1102,"00:55:57,830","00:55:59,460",3357.83,3359.46,"And the final slide, the one that's",而最后一张幻灯片，就是
1103,"00:55:59,460","00:56:02,240",3359.46,3362.24,"up there while people are asking questions and filing out,",人们提问和陆续离开时显示的那张，
1104,"00:56:02,240","00:56:05,470",3362.24,3365.47,it ought to be the one that has your contributions on it.,应该是写着你的贡献的那张。
1105,"00:56:05,470","00:56:09,140",3365.47,3369.14,Here's an example from my own stump speech.,这是我自己的竞选演讲中的一个例子。
1106,"00:56:09,140","00:56:13,020",3369.14,3373.02,"Yeah, this is what I talk about a lot.",是的，这是我经常讲的内容。
1107,"00:56:13,020","00:56:16,912",3373.02,3376.912,"Yes, here are the things that I typically demonstrate.",是的，这些是我通常演示的内容。
1108,"00:56:16,912","00:56:21,160",3376.912,3381.16,,
1109,"00:56:21,160","00:56:23,146",3381.16,3383.146,And I wait for people to read it.,然后我等大家读完。
1110,"00:56:23,146","00:56:27,616",3383.146,3387.616,"And the final element there is this is what we get out of it,",最后那个元素是：这是我们从中得到的，
1111,"00:56:27,616","00:56:32,780",3387.616,3392.78,so that's an example of a contribution slide.,这就是贡献幻灯片的例子。
1112,"00:56:32,780","00:56:37,670",3392.78,3397.67,"All right, now, what about the other part?",好的，那另一部分呢？
1113,"00:56:37,670","00:56:39,740",3397.67,3399.74,You got your final slide up there.,你已经把最后一张幻灯片放上去了。
1114,"00:56:39,740","00:56:41,150",3399.74,3401.15,It's a contribution slide.,它是一张贡献幻灯片。
1115,"00:56:41,150","00:56:44,430",3401.15,3404.43,Somehow you have to tell people you're finished.,你需要用某种方式告诉听众你讲完了。
1116,"00:56:44,430","00:56:47,551",3404.43,3407.551,"So let's see it, check out a few possibilities.",我们来看看几种可能性。
1117,"00:56:47,551","00:56:50,140",3407.551,3410.14,,
1118,"00:56:50,140","00:56:54,700",3410.14,3414.7,One thing you could do in the final words,你可以在最后说的话中做一件事，
1119,"00:56:54,700","00:56:56,000",3414.7,3416.0,is you could tell a joke.,就是讲个笑话。
1120,"00:56:56,000","00:56:59,840",3416.0,3419.84,,
1121,"00:56:59,840","00:57:02,232",3419.84,3422.232,It's OK.,没问题。
1122,"00:57:02,232","00:57:04,565",3422.232,3424.565,"By the time you're done, people have adjusted themselves",当你讲完时，大家已经调整好自己
1123,"00:57:04,565","00:57:05,728",3424.565,3425.728,to your voice parameters.,来适应你的声音参数。
1124,"00:57:05,728","00:57:06,770",3425.728,3426.77,They're ready for a joke.,他们准备好听笑话了。
1125,"00:57:06,770","00:57:10,040",3426.77,3430.04,,
1126,"00:57:10,040","00:57:13,010",3430.04,3433.01,"I was sitting in another bar, this time in Austin, Texas",我坐在另一个酒吧里，这次是在德州奥斯汀，
1127,"00:57:13,010","00:57:16,310",3433.01,3436.31,with a colleague of mine named Doug Lenat.,和我的一位同事道格·勒纳特一起。
1128,"00:57:16,310","00:57:18,880",3436.31,3438.88,And Doug's a fantastic speaker.,道格是个非常出色的演讲者。
1129,"00:57:18,880","00:57:21,920",3438.88,3441.92,"And so I said to Doug, Doug, you're",于是我对道格说，道格，你
1130,"00:57:21,920","00:57:24,860",3441.92,3444.86,"a fantastic speaker, what's your secret?",是个出色的演讲者，你的秘诀是什么？
1131,"00:57:24,860","00:57:29,440",3444.86,3449.44,"And he said, oh, I always finish with a joke,",他说，哦，我总是以笑话收尾，
1132,"00:57:29,440","00:57:32,120",3449.44,3452.12,"and that way, people think they've had fun the whole time.",这样大家就以为整个过程都很开心。
1133,"00:57:32,120","00:57:35,480",3452.12,3455.48,[LAUGHTER],[笑声]
1134,"00:57:35,480","00:57:39,540",3455.48,3459.54,"So yeah, a joke will work down there.",所以，是的，最后讲个笑话会有效。
1135,"00:57:39,540","00:57:40,580",3459.54,3460.58,How about this one?,这个怎么样？
1136,"00:57:40,580","00:57:50,770",3460.58,3470.77,,
1137,"00:57:50,770","00:57:51,270",3470.77,3471.27,Thank you.,谢谢。
1138,"00:57:51,270","00:57:54,030",3471.27,3474.03,,
1139,"00:57:54,030","00:57:55,650",3474.03,3475.65,I don't recommend it.,我不推荐这样做。
1140,"00:57:55,650","00:57:58,410",3475.65,3478.41,It's a weak move.,这是较弱的一招。
1141,"00:57:58,410","00:58:00,330",3478.41,3480.33,You will not go to hell if you conclude,如果你以说
1142,"00:58:00,330","00:58:02,730",3480.33,3482.73,"your talk by saying thank you, but it's a weak move,",谢谢来收尾，你不会下地狱，
1143,"00:58:02,730","00:58:04,880",3482.73,3484.88,and here's why.,但这是较弱的一招，原因如下。
1144,"00:58:04,880","00:58:08,460",3484.88,3488.46,"When you say thank you, even worse, thank you for listening,",当你说谢谢时，更糟的是，谢谢你们的聆听，
1145,"00:58:08,460","00:58:10,350",3488.46,3490.35,it suggests that everybody has stayed,这暗示大家一直留着
1146,"00:58:10,350","00:58:14,310",3490.35,3494.31,that long out of politeness and that they had a profound desire,这么久只是出于礼貌，而他们非常渴望
1147,"00:58:14,310","00:58:15,632",3494.31,3495.632,to be somewhere else.,去别的地方。
1148,"00:58:15,632","00:58:17,340",3495.632,3497.34,"But they're so polite, they stuck it out.",但他们很有礼貌，硬撑着听完了。
1149,"00:58:17,340","00:58:20,430",3497.34,3500.43,And that's what you're thanking them for.,而你谢的正是这个。
1150,"00:58:20,430","00:58:21,990",3500.43,3501.99,"So once wild applause has started,",所以一旦热烈的掌声响起，
1151,"00:58:21,990","00:58:24,240",3501.99,3504.24,"you can mouth a thank you, and there's",你可以无声地说声谢谢，这样
1152,"00:58:24,240","00:58:25,380",3504.24,3505.38,nothing wrong with that.,也没什么不妥。
1153,"00:58:25,380","00:58:29,992",3505.38,3509.992,But the last thing you do should not be saying thank you.,但你最后做的事不应该是说谢谢。
1154,"00:58:29,992","00:58:31,950",3509.992,3511.95,"Now, you say to me, well, doesn't everybody say",现在你会对我说，难道不是每个人都
1155,"00:58:31,950","00:58:33,570",3511.95,3513.57,thank you?,说谢谢吗？
1156,"00:58:33,570","00:58:37,800",3513.57,3517.8,"Well, what everybody does is not necessarily the right thing.",嗯，每个人都做的未必是正确的。
1157,"00:58:37,800","00:58:40,110",3517.8,3520.11,And I like to illustrate how some talks can,我喜欢举例说明，有些演讲可以
1158,"00:58:40,110","00:58:41,580",3520.11,3521.58,end without saying thank you.,不以说谢谢来收尾。
1159,"00:58:41,580","00:58:45,210",3521.58,3525.21,"I like to draw from political speeches,",我喜欢引用政治演讲的例子，
1160,"00:58:45,210","00:58:47,956",3525.21,3527.956,"but the ones that I've heard recently aren't so good, so--",但我最近听到的那些不太好，所以——
1161,"00:58:47,956","00:58:50,240",3527.956,3530.24,[LAUGHTER],[笑声]
1162,"00:58:50,240","00:58:55,500",3530.24,3535.5,So I'm going to have to go go back a little bit.,所以我得往回找一点。
1163,"00:58:55,500","00:58:57,010",3535.5,3537.01,So here is Governor Christie.,这位是克里斯蒂州长。
1164,"00:58:57,010","00:59:03,680",3537.01,3543.68,He gave the Republican keynote address one year.,他曾在某年发表共和党主题演讲。
1165,"00:59:03,680","00:59:05,040",3543.68,3545.04,This is the end of his talk.,这是他演讲的结尾。
1166,"00:59:05,040","00:59:07,214",3545.04,3547.214,Let's see what he does.,我们看看他怎么做。
1167,"00:59:07,214","00:59:08,966",3547.214,3548.966,[APPLAUSE],[掌声]
1168,"00:59:08,966","00:59:11,920",3548.966,3551.92,"CHRIS CHRISTIE: And together, everybody, together.",克里斯·克里斯蒂：大家团结起来，一起团结。
1169,"00:59:11,920","00:59:16,060",3551.92,3556.06,We will stand up once again for American greatness,我们将再次为美国的伟大而奋起，
1170,"00:59:16,060","00:59:18,190",3556.06,3558.19,for our children and grandchildren.,为了我们的孩子和孙辈。
1171,"00:59:18,190","00:59:20,583",3558.19,3560.583,"God bless you, and God bless America.",愿上帝保佑你们，愿上帝保佑美国。
1172,"00:59:20,583","00:59:23,241",3560.583,3563.241,[APPLAUSE],[掌声]
1173,"00:59:23,241","00:59:27,260",3563.241,3567.26,PATRICK WINSTON: So that's a classic benediction ending.,帕特里克·温斯顿：这就是经典的祝祷式结尾。
1174,"00:59:27,260","00:59:30,620",3567.26,3570.62,"God bless you, God bless America.",愿上帝保佑你们，愿上帝保佑美国。
1175,"00:59:30,620","00:59:32,610",3570.62,3572.61,"Now, I don't want to be partisan about this.",现在，我不想在这件事上偏袒任何一方。
1176,"00:59:32,610","00:59:35,570",3572.61,3575.57,So I think I'd better switch to the keynote address,所以我想还是换成民主党大会的
1177,"00:59:35,570","00:59:38,840",3575.57,3578.84,in the Democratic Convention.,主题演讲。
1178,"00:59:38,840","00:59:42,050",3578.84,3582.05,"It was delivered that year by Bill Clinton, who knows",那一年的演讲者是比尔·克林顿，他很懂
1179,"00:59:42,050","00:59:45,010",3582.05,3585.01,something about how to speak.,如何演讲。
1180,"00:59:45,010","00:59:46,380",3585.01,3586.38,[APPLAUSE],[掌声]
1181,"00:59:46,380","00:59:48,940",3586.38,3588.94,"BILL CLINTON: If that is what you want,",比尔·克林顿：如果这是你们想要的，
1182,"00:59:48,940","00:59:52,300",3588.94,3592.3,"if that is what you believe, you must vote,",如果这是你们相信的，你们必须投票，
1183,"00:59:52,300","00:59:57,046",3592.3,3597.046,and you must re-elect President Barack Obama.,你们必须再次选举巴拉克·奥巴马为总统。
1184,"00:59:57,046","00:59:58,588",3597.046,3598.588,"God bless you, and God bless America.",愿上帝保佑你们，愿上帝保佑美国。
1185,"00:59:58,588","01:00:00,061",3598.588,3600.061,[APPLAUSE],[掌声]
1186,"01:00:00,061","01:00:03,989",3600.061,3603.989,[LAUGHTER],[笑声]
1187,"01:00:03,989","01:00:09,390",3603.989,3609.39,,
1188,"01:00:09,390","01:00:11,410",3609.39,3611.41,"PATRICK WINSTON: Now, watch this.",帕特里克·温斯顿：现在，注意看。
1189,"01:00:11,410","01:00:13,297",3611.41,3613.297,Let's go back a little bit and redo it.,我们往回退一点，再看一遍。
1190,"01:00:13,297","01:00:15,130",3613.297,3615.13,"What I want you to see is that at one point,",我想让你们看到的是，在某个时刻，
1191,"01:00:15,130","01:00:18,430",3615.13,3618.43,"he seems to be almost pressing his lips together, forcing",他似乎几乎要抿紧嘴唇，强迫自己
1192,"01:00:18,430","01:00:20,315",3618.43,3620.315,himself not to say thank you.,不要说谢谢。
1193,"01:00:20,315","01:00:22,690",3620.315,3622.69,Then there's another place where he does a little salute.,然后在另一个地方，他做了个小敬礼。
1194,"01:00:22,690","01:00:24,784",3622.69,3624.784,So watch for those this time around.,所以这次请留意这些地方。
1195,"01:00:24,784","01:00:25,650",3624.784,3625.65,[APPLAUSE],[掌声]
1196,"01:00:25,650","01:00:28,210",3625.65,3628.21,"BILL CLINTON: If that is what you want,",比尔·克林顿：如果这是你们想要的，
1197,"01:00:28,210","01:00:31,470",3628.21,3631.47,"if that is what you believe, you must vote,",如果这是你们相信的，你们必须投票，
1198,"01:00:31,470","01:00:36,310",3631.47,3636.31,and you must re-elect President Barack Obama.,你们必须再次选举巴拉克·奥巴马为总统。
1199,"01:00:36,310","01:00:38,470",3636.31,3638.47,"God bless you., and God bless America.",愿上帝保佑你们，愿上帝保佑美国。
1200,"01:00:38,470","01:00:39,625",3638.47,3639.625,[APPLAUSE],[掌声]
1201,"01:00:39,625","01:00:42,208",3639.625,3642.208,PATRICK WINSTON: That's where he's pursing his lips.,帕特里克·温斯顿：他就是在那儿抿嘴的。
1202,"01:00:42,208","01:00:43,186",3642.208,3643.186,[LAUGHTER],[笑声]
1203,"01:00:43,186","01:00:45,142",3643.186,3645.142,There's the salute.,这就是敬礼。
1204,"01:00:45,142","01:00:49,455",3645.142,3649.455,[LAUGHTER],[笑声]
1205,"01:00:49,455","01:00:50,830",3649.455,3650.83,"Yeah, I think that's pretty good.",是的，我觉得挺不错。
1206,"01:00:50,830","01:00:52,640",3650.83,3652.64,"Now, what are we gonna take away from this?",那么，我们能从中学到什么？
1207,"01:00:52,640","01:00:57,910",3652.64,3657.91,"Well, I suppose I could conclude this talk by saying God bless",嗯，我想我可以这样结束演讲：
1208,"01:00:57,910","01:01:00,960",3657.91,3660.96,"you, and God bless the Massachusetts Institute","说""愿上帝保佑你们，保佑麻省理工学院""，"
1209,"01:01:00,960","01:01:04,732",3660.96,3664.732,"of Technology, but it might not work so well.",但效果可能不太好。
1210,"01:01:04,732","01:01:06,190",3664.732,3666.19,But what you can get out of this is,但你能从中学到的是
1211,"01:01:06,190","01:01:08,110",3666.19,3668.11,you don't have to say thank you.,"你不必非要说""谢谢""。"
1212,"01:01:08,110","01:01:09,850",3668.11,3669.85,There are other things you can do.,你还可以做别的事情。
1213,"01:01:09,850","01:01:13,060",3669.85,3673.06,"And it's interesting that over time, people figure this out,",有趣的是，随着时间推移，人们会慢慢明白这一点，
1214,"01:01:13,060","01:01:15,730",3673.06,3675.73,and there's some stock ways of ending things.,也有了一些固定的收尾方式。
1215,"01:01:15,730","01:01:21,180",3675.73,3681.18,"So in the Catholic church, and the good old Latin mass,",比如在天主教会，还有那古老的拉丁文弥撒中，
1216,"01:01:21,180","01:01:27,990",3681.18,3687.99,"it ended with ite missa est, which","结束时会说""ite missa est""，"
1217,"01:01:27,990","01:01:31,380",3687.99,3691.38,"translates approximately to OK, the mass is over,","这句话大致翻译为""好了，弥撒结束了，"
1218,"01:01:31,380","01:01:32,718",3691.38,3692.718,you can go home now.,"你们可以回家了""。"
1219,"01:01:32,718","01:01:34,470",3692.718,3694.47,[LAUGHTER],[笑声]
1220,"01:01:34,470","01:01:37,440",3694.47,3697.44,"And of course, at musical concerts,",当然，在音乐会上，
1221,"01:01:37,440","01:01:42,230",3697.44,3702.23,"you know that it's time to clap not at the end of the song,",你知道该鼓掌的时刻不是歌曲结束，
1222,"01:01:42,230","01:01:45,810",3702.23,3705.81,but rather when the conductor goes over and shakes hands,而是当指挥走过去跟
1223,"01:01:45,810","01:01:47,280",3705.81,3707.28,with the concert master.,乐队首席握手的时候。
1224,"01:01:47,280","01:01:50,850",3707.28,3710.85,Those are conventions that tell you that the event is over.,这些都是告诉你活动已经结束的惯例。
1225,"01:01:50,850","01:01:53,470",3710.85,3713.47,,
1226,"01:01:53,470","01:01:58,500",3713.47,3718.5,So those are all possibilities for here.,所以这些都是这里可以用到的收尾方式。
1227,"01:01:58,500","01:02:00,180",3718.5,3720.18,"But one more possibility, and that",但还有一种方式，那就是
1228,"01:02:00,180","01:02:07,320",3720.18,3727.32,is that you can salute the audience.,你可以向观众敬礼。
1229,"01:02:07,320","01:02:09,070",3727.32,3729.07,"And by that, I mean, you can say something",所谓敬礼，是指你可以讲一些
1230,"01:02:09,070","01:02:13,060",3729.07,3733.06,about how much you value your time at a place.,关于你有多珍视在此地时光的话。
1231,"01:02:13,060","01:02:20,000",3733.06,3740.0,"So I could say, well, it's been great fun being here.",比如我可以说，能来到这里非常愉快。
1232,"01:02:20,000","01:02:22,780",3740.0,3742.78,It's been fascinating to see what you folks are doing here,看你们在这里做的事情很有意思，
1233,"01:02:22,780","01:02:24,190",3742.78,3744.19,at MIT.,在 MIT 这里。
1234,"01:02:24,190","01:02:27,535",3744.19,3747.535,I've been much stimulated and provoked,你们提出的问题让我深受启发，
1235,"01:02:27,535","01:02:29,410",3747.535,3749.41,"by the kinds of questions you've been asking,",也让我受到很大触动，
1236,"01:02:29,410","01:02:30,800",3749.41,3750.8,it's been really great.,这感觉真的很棒。
1237,"01:02:30,800","01:02:33,380",3750.8,3753.38,And I look forward to coming back,我也期待着将来
1238,"01:02:33,380","01:02:35,210",3753.38,3755.21,on many occasions in the future.,有机会再来这里。
1239,"01:02:35,210","01:02:36,693",3755.21,3756.693,So that salutes the audience.,这就是对观众的敬礼。
1240,"01:02:36,693","01:02:37,360",3756.693,3757.36,You can do that.,你也可以这样做。
1241,"01:02:37,360","01:02:40,670",3757.36,3760.67,,
1242,"01:02:40,670","01:02:42,520",3760.67,3762.52,"Well, there it is.",嗯，就是这样。
1243,"01:02:42,520","01:02:45,260",3762.52,3765.26,You know what?,你们知道吗？
1244,"01:02:45,260","01:02:46,940",3765.26,3766.94,I'm glad you're here.,我很高兴你们来了。
1245,"01:02:46,940","01:02:48,830",3766.94,3768.83,"And the reason is by being here, I",原因是，你们来到这里，
1246,"01:02:48,830","01:02:51,590",3768.83,3771.59,think you have demonstrated an understanding,我觉得你们已经表明了一种认识：
1247,"01:02:51,590","01:02:54,770",3771.59,3774.77,that how you present and how you package your ideas is,那就是如何呈现和包装你的想法
1248,"01:02:54,770","01:02:56,510",3774.77,3776.51,an important thing.,是一件重要的事。
1249,"01:02:56,510","01:02:58,013",3776.51,3778.013,And I salute you for that.,为此我要向你们敬礼。
1250,"01:02:58,013","01:03:03,500",3778.013,3783.5,[LAUGHTER] And I suggest that you come back again and bring,[笑声]我建议你们下次再来时，
1251,"01:03:03,500","01:03:05,990",3783.5,3785.99,your friends.,也带上你们的朋友。
1252,"01:03:05,990","01:03:09,340",3785.99,3789.34,[APPLAUSE],[掌声]
1253,"01:03:09,340","01:03:42,000",3789.34,3822.0,,
